batch_id,instructor_id,course_id,completion_rate,avg_score_improvement,avg_quiz_score,dropout_rate,avg_watch_time,assignment_submission_rate,forum_activity_rate,avg_feedback_score,feedback_response_rate
B_1861,I_044,C_01,0.3000,14.2260,73.54652768,0.647423305,0.774572304,0.790918147,0.108413997,3.766211496,0.533193041
B_0354,I_119,C_06,0.6572,22.8711,77.31233097,0.425097906,0.494935967,0.998566068,0.280549694,5,0.734087422
B_1334,I_050,C_03,0.3000,16.0875,79.56368722,0.7,0.97790127,0.807297831,0.207013467,3.517386295,0.68143322
B_0906,I_024,C_21,0.6395,24.2607,99.29531556,0.334657118,0.846515114,0.544555015,0.306395169,4.207578057,1
B_1290,I_001,C_08,0.5273,31.0816,99.39342484,0.521099163,0.917450101,0.865885479,0.252289468,4.426230125,0.69670984
B_1274,I_026,C_07,0.5514,33.1421,66.92102891,0.453334477,0.808018218,0.599258126,0.303886361,3.436706114,0.820149717
B_0939,I_082,C_23,0.6727,27.3053,71.33954792,0.335138496,0.6751749,0.956998703,0.088178476,4.425977653,0.916465486
B_1732,I_009,C_15,0.6042,29.3020,68.57256874,0.426282079,0.760133329,0.858307283,0.324519765,3.992382995,0.77399935
B_0066,I_114,C_03,0.7971,34.9593,72.69575451,0.182420392,0.673769848,0.850339103,0.117345325,3.984804844,0.702765193
B_1324,I_038,C_24,0.3000,19.9068,68.72641295,0.7,0.645212558,0.595021649,0.015123189,2.952907782,0.604704371
B_0057,I_007,C_03,0.6112,36.8028,81.98415243,0.379726501,0.994442748,0.844886425,0.292126246,3.622733789,1
B_1293,I_064,C_02,0.5707,19.0933,72.72184339,0.410812036,0.618870005,0.878618658,0.172449467,3.185761678,0.570669612
B_1119,I_105,C_10,0.8359,32.1519,99.38061904,0.172236782,0.931756526,0.639961261,0.238955405,4.29641047,0.7251151
B_0585,I_001,C_23,0.5023,30.4784,77.65640547,0.527206616,0.912544364,0.870204298,0.218729483,4.158299878,0.692846711
B_0375,I_084,C_14,0.7476,24.8532,82.04539229,0.339942259,0.896928852,0.766905932,0.216144507,4.174259783,0.737126952
B_0276,I_087,C_07,0.7286,36.7039,85.08587756,0.275468214,0.617110909,0.869324925,0.346213957,5,0.659313878
B_0747,I_086,C_07,0.5073,21.9110,52.23626239,0.517193056,0.788141623,0.723975999,0.111328329,3.608986486,0.76357341
B_0129,I_088,C_13,0.5519,34.1200,77.5304025,0.395987026,0.620483926,0.863647616,0.123542237,4.387034783,0.648745226
B_1647,I_088,C_16,0.4854,22.3098,61.03657869,0.490439981,0.72371308,0.544951649,0.058870412,4.796709231,0.690978684
B_1853,I_044,C_21,0.3965,12.4715,69.7132963,0.520881929,0.62423237,0.695045371,0.33855331,3.86414611,0.473733496
B_0675,I_033,C_25,0.5593,27.0861,77.50967826,0.424322778,0.992307357,1,0.39620163,4.490074887,0.824930773
B_1665,I_032,C_21,0.5195,22.6731,77.82720909,0.494888339,1,0.874990224,0.175556624,3.932347821,0.893477919
B_1982,I_117,C_23,0.7516,30.7362,72.06785218,0.203920409,0.637497526,0.879310058,0.328051951,4.032435623,0.592837322
B_1084,I_111,C_05,0.7923,24.7322,74.79436495,0.222433955,0.973314656,0.883056031,0.160857318,3.795297061,0.692243725
B_1923,I_039,C_20,0.5435,26.6139,88.62399756,0.518243093,0.811679741,0.709387952,0.164521449,3.756783739,0.898558462
B_0100,I_100,C_16,0.3966,24.5831,74.99766896,0.502561613,0.758766212,0.46079643,0.255059961,4.756190368,0.798424259
B_1180,I_119,C_09,0.4276,38.8002,99.79521085,0.495454193,0.544062576,1,0.424538782,5,0.792467897
B_0965,I_086,C_14,0.5425,24.6907,75.89890105,0.432199721,0.667063273,0.648810429,0.320692342,3.321807195,0.740159389
B_0793,I_018,C_02,0.8672,29.7342,82.96272534,0.148093261,1,0.517009366,0.133578563,4.531797043,0.479467594
B_0030,I_021,C_25,0.7657,33.7029,92.38189562,0.2336807,0.774875107,0.742579634,0.174497007,4.700204453,0.639109626
B_0629,I_085,C_19,0.6639,30.6471,73.85991706,0.307198545,0.783510044,1,0.341330782,4.303273161,0.700907291
B_0945,I_010,C_22,0.9779,40.0000,88.16621763,0.031440716,0.758796195,0.772415095,0.208892025,4.231673013,0.819063783
B_0573,I_055,C_21,0.7622,30.5073,75.03284777,0.184217525,0.763143296,0.633918931,0.345550544,4.723105769,0.902122448
B_0908,I_117,C_06,0.5614,40.0000,75.31031935,0.432238973,0.910673704,0.52897754,0.345508369,4.088360303,0.809428385
B_1081,I_112,C_21,0.3377,29.1501,71.75467633,0.7,0.787002816,0.821980781,0.098797022,4.359721418,0.812067956
B_0451,I_113,C_04,0.3000,21.9112,79.6381624,0.620198707,0.447558949,0.509912425,0.198596089,4.042176955,0.259935242
B_1610,I_047,C_24,0.4826,14.2142,69.53364809,0.474733903,0.924850517,0.610442274,0.174234124,3.798709867,0.93881317
B_1291,I_090,C_03,0.5668,27.2725,87.2587574,0.424370065,0.972228733,0.698472528,0.379078318,4.425077928,0.861631283
B_1079,I_107,C_18,0.6768,26.9346,94.5394044,0.282011074,0.706439931,0.534044961,0.037242704,3.93218176,0.691133721
B_0255,I_052,C_08,0.4524,27.5981,61.06844219,0.526037923,0.970468321,0.767477392,0.29238876,3.852503166,0.676165457
B_0125,I_065,C_08,0.4781,18.9930,72.324862,0.544128463,0.954517057,0.66878615,0.33865954,4.569088986,0.668771021
B_1928,I_103,C_17,0.8016,28.0459,94.96647077,0.160811353,0.816239002,0.989231007,0.370986349,4.485535913,0.810386656
B_0252,I_096,C_15,0.7833,25.3431,86.82061928,0.262571124,0.965200006,0.751206689,0.292406793,3.998475843,0.604038623
B_0586,I_111,C_11,0.5367,28.5637,80.49482627,0.411097554,0.612478321,0.610686318,0.050233579,3.885004716,0.910347972
B_1569,I_028,C_19,0.3965,32.2870,69.43094257,0.677341751,0.815593985,0.588131029,0.210121391,4.175332937,0.54809359
B_0825,I_045,C_14,0.5736,17.3262,75.02888631,0.482881917,0.644093189,0.723707422,0.401581504,4.125362214,0.60836051
B_0508,I_065,C_22,0.5024,23.3869,72.97085973,0.475768549,0.839327299,0.801685717,0.415669479,3.776304133,0.588971747
B_0890,I_001,C_08,0.6521,36.8832,85.45076055,0.399006997,0.904489835,0.507565301,0.394125705,4.789838947,0.571586351
B_0071,I_084,C_15,0.6048,24.8542,73.34901168,0.391707812,0.993812939,0.612795855,0.08837481,4.492797539,0.840919333
B_1609,I_115,C_11,0.5699,20.5568,70.73457343,0.472380346,0.557665026,0.583562888,0.404238239,4.003702996,0.675931374
B_1533,I_117,C_24,0.7480,28.8206,74.35637029,0.255613658,0.626883058,0.975750088,0.254817524,4.549106811,0.697332532
B_0248,I_079,C_25,0.4814,29.7811,78.49148946,0.507769752,0.74484301,0.638537025,0.336828743,3.881277689,0.517539401
B_1451,I_027,C_12,0.3816,26.5964,71.24825731,0.606329718,1,0.71834722,0.301477764,4.662006098,0.859975145
B_0213,I_117,C_17,0.7733,18.9578,84.05535974,0.137600624,0.723770992,0.881618241,0.26116695,3.98033893,0.488194856
B_0910,I_092,C_18,0.6378,22.8450,78.47610786,0.33131619,0.684757312,0.966409774,0.163422981,3.528771234,0.522298407
B_1742,I_110,C_04,0.5537,26.1311,74.03398041,0.44172465,0.826066728,0.947980315,0.337825397,4.128110709,0.592810845
B_1245,I_119,C_12,0.6121,26.8784,81.88853924,0.321751731,0.86066727,0.963336826,0.421733884,4.410349428,0.912369194
B_1697,I_020,C_02,0.4443,23.7304,62.25651079,0.592416843,0.759190783,0.63548093,0.145571637,4.408689834,0.534704437
B_1183,I_074,C_18,0.3261,23.9024,64.68360272,0.7,0.627386775,0.643497668,0.286864415,3.229062503,0.774116212
B_0362,I_020,C_18,0.5467,29.4356,69.57248523,0.496013068,0.839168591,0.78971325,0.104146664,3.882271476,0.611201882
B_1474,I_090,C_06,0.6500,29.2533,81.65504281,0.407756154,0.773493994,0.580871598,0.291244459,4.507250841,0.858276656
B_0679,I_044,C_16,0.3000,23.7308,67.02855991,0.648957534,0.761990427,0.421410548,0.271916103,2.878397789,0.492767501
B_1622,I_001,C_15,0.4052,18.8259,87.35149979,0.546561055,0.727345528,0.635983635,0.336692659,3.924648377,0.588859349
B_1090,I_118,C_11,0.6833,36.2079,79.47918465,0.336724777,0.909535074,0.873380522,0.424174796,4.437625231,1
B_1988,I_111,C_20,0.5290,33.5586,78.34292034,0.568413332,1,0.653235627,0.316399242,4.263944732,0.509934001
B_1848,I_035,C_20,0.7491,31.0301,58.2614714,0.344886325,0.930608743,0.707198185,0.14301259,4.017464998,0.567115876
B_0988,I_101,C_22,0.3000,29.4732,71.43262142,0.7,0.713212097,1,0.322580521,3.988746954,0.666716608
B_1513,I_110,C_24,0.5445,24.7268,75.85947408,0.494662123,0.779609939,0.705764041,0.274650286,3.64592387,0.733432638
B_0112,I_109,C_19,0.6177,36.9642,70.28431507,0.395001426,0.735475295,0.717425895,0.235729447,3.824326365,0.935679354
B_1488,I_112,C_01,0.3849,26.0442,81.22297109,0.623341961,1,0.749156714,0.294932281,4.046544873,0.763004088
B_1454,I_115,C_24,0.5251,32.4367,96.45557859,0.431286672,0.433797907,0.921235276,0.193936737,4.438879508,0.297678607
B_0384,I_082,C_13,0.5697,28.1781,79.12104598,0.447992062,0.633507223,0.750091803,0.196530631,4.14353567,0.644599042
B_1396,I_039,C_04,0.4739,29.3010,69.79111529,0.449141302,0.883436834,0.538844239,0.192632086,4.191546676,0.668058604
B_1055,I_097,C_20,0.6517,30.6399,74.94423702,0.367423932,0.627333498,1,0.21474428,5,0.65802532
B_0756,I_019,C_23,0.4751,21.1142,70.91480493,0.505526311,0.74615023,0.758636257,0.038502606,4.286058887,0.556524399
B_0325,I_040,C_08,0.6320,24.1172,76.65197626,0.368752651,0.854687915,0.903199219,0.164921229,5,0.847777071
B_1624,I_029,C_16,0.5247,24.2896,77.69525395,0.525583433,0.772599993,0.853007939,0.086251748,4.47672981,0.841228497
B_0788,I_035,C_05,0.5512,18.4093,62.70940554,0.480988705,0.847492896,0.889744475,0.346113093,4.1394222,0.739927321
B_0369,I_075,C_04,0.3000,16.8797,54.64845635,0.639098176,0.453058021,0.37085508,0.094487235,3.983649264,0.748372909
B_1820,I_036,C_11,0.3766,28.2234,85.58254251,0.540971912,0.820176436,0.860215769,0.244652357,3.60447836,0.6788481
B_0070,I_002,C_24,0.6437,30.9326,84.76256516,0.40325072,0.761776925,0.643143445,0.28040675,3.905047583,0.809301238
B_0858,I_113,C_12,0.3000,20.0353,78.97690865,0.68051678,0.90803261,0.823496649,0.102743233,3.901238971,0.598845174
B_1484,I_043,C_25,0.5417,27.5414,81.72029329,0.55056099,0.836416921,0.971031151,0.328049532,3.993560315,0.586889542
B_1556,I_025,C_02,0.9800,29.1750,85.3216775,0.02630351,0.860238876,0.634255414,0.243301331,4.608675769,0.840215905
B_1692,I_082,C_12,0.5892,26.8459,77.05467857,0.372619722,0.813143957,0.760303909,0.150097383,3.322809718,0.644679102
B_1475,I_013,C_12,0.8496,40.0000,59.9667293,0.132976801,0.475681374,0.794707311,0.229817946,4.43071741,0.636012062
B_1799,I_029,C_07,0.5672,21.4332,74.28216216,0.308529243,0.714550083,0.878098125,0.243964076,3.924375207,0.598079996
B_0479,I_023,C_03,0.5120,16.3873,62.37824669,0.487619308,0.606441314,0.650327258,0.135615207,5,0.746864687
B_0282,I_002,C_06,0.8897,37.5441,97.98486034,0.089486174,0.915910201,1,0.321918834,4.953550692,0.59788857
B_1648,I_087,C_11,0.6690,31.8957,78.71634703,0.361022775,0.686390127,0.722358602,0.359341386,4.346899741,1
B_1557,I_071,C_16,0.5825,24.3372,87.29729384,0.413861807,0.636771284,0.686026615,0.154249274,3.978874329,0.746395571
B_1730,I_081,C_08,0.5607,25.6101,86.33497611,0.402932785,0.733087863,0.443426411,0.31266329,4.719093668,0.930376942
B_0211,I_062,C_02,0.6585,30.6701,78.99214761,0.312081491,0.926143779,0.877284355,0.277311398,4.204680388,0.907618566
B_0298,I_116,C_18,0.6140,25.0907,77.18853917,0.341240751,0.621144347,0.456590961,0.231393292,3.922935508,0.856572941
B_1885,I_072,C_23,0.6055,33.3409,73.8999046,0.492617918,0.800404467,0.414282519,0.377486461,4.004420739,0.90640519
B_1834,I_066,C_24,0.8866,31.5916,70.28117694,0.139545158,0.728189238,0.841779231,0.432715199,5,0.965968484
B_0652,I_016,C_25,0.5604,25.2511,71.6335071,0.417681534,0.559189919,0.437127471,0.27931992,4.226721644,0.802547138
B_1234,I_112,C_15,0.4483,20.1967,72.89814958,0.592678421,0.982859081,0.76617141,0.3971546,4.000927241,0.583545023
B_1503,I_040,C_24,0.5192,26.8161,77.5943606,0.477091724,0.603152988,0.858344085,0.196244329,4.518459121,0.638197704
B_1932,I_024,C_11,0.6267,32.8357,83.67479678,0.304021463,0.894556089,0.864234198,0.14054222,3.621126394,0.876678416
B_0917,I_028,C_06,0.5893,20.2795,70.08665626,0.364179061,0.788787951,0.88755276,0.179472399,3.828967905,0.80922992
B_0994,I_017,C_06,0.6129,30.0240,88.78625925,0.457281071,0.873789672,0.682555401,0.202334909,4.201454062,0.942294114
B_0430,I_069,C_04,0.5897,34.3554,79.61959848,0.52318683,0.95501753,0.94003582,0.186930639,4.133624874,0.819033255
B_1371,I_018,C_24,0.9800,32.9438,97.81911202,0.049374176,0.797051386,0.958519354,0.205646667,4.827528998,0.817283009
B_0240,I_009,C_05,0.4985,32.6208,68.39066057,0.404195695,0.517583002,0.83514526,0.256982804,4.189367137,0.624882288
B_0880,I_019,C_23,0.6474,25.5956,98.33941187,0.29354296,0.747594437,0.556431395,0.151994332,3.791885833,0.559528612
B_0621,I_062,C_09,0.6873,27.7828,73.81368663,0.448079193,1,0.751106359,0.448671628,4.458686325,0.891464654
B_0257,I_062,C_25,0.5906,26.9111,64.83128354,0.332152881,0.881078681,0.752715635,0.179713469,4.416741868,0.843788552
B_0612,I_057,C_09,0.6440,27.6742,69.35093129,0.463982694,0.694103022,0.508634357,0.341614191,4.663380652,0.780641125
B_0545,I_060,C_10,0.5941,28.2308,68.01976612,0.381263052,0.75053146,0.674250413,0.167013312,3.374224945,0.623297381
B_0772,I_052,C_05,0.6604,24.8635,66.57818081,0.319950115,0.868344232,0.805400816,0.398810255,4.086449222,0.779328962
B_1420,I_101,C_17,0.4239,24.5910,74.87631027,0.643114617,0.572018462,0.864791057,0.277812311,3.580606667,0.938753709
B_1042,I_098,C_04,0.5781,29.4182,84.87143181,0.522933854,0.624636033,0.656172992,0.257543719,4.152330736,0.414503371
B_1790,I_002,C_19,0.6577,24.0422,76.55663379,0.302866408,0.840723485,0.742940896,0.38253641,4.680412976,0.771162247
B_0760,I_028,C_22,0.3553,20.5527,77.01506241,0.640891994,0.806470402,0.996217421,0.354204399,3.75244511,0.838772901
B_0383,I_110,C_25,0.6539,35.7875,86.06567433,0.407479677,0.930182666,0.620409237,0.381649515,4.09978661,0.989142074
B_1104,I_050,C_06,0.3000,20.5647,57.04556396,0.622256763,0.719247769,0.709436311,0.120917135,2.998608221,0.662954374
B_0974,I_001,C_14,0.3757,34.3686,76.10930061,0.570520406,0.686488499,0.872239181,0.199335115,4.522784619,0.60422222
B_0353,I_032,C_09,0.3868,25.3894,67.89017398,0.600730496,1,0.692901647,0.0802393,4.808545144,0.945865199
B_1606,I_018,C_19,0.7990,32.2353,76.41569129,0.172190027,0.698220777,1,0.337485002,4.162277181,0.660100487
B_1826,I_107,C_04,0.6138,23.1057,71.11333342,0.483128415,0.77714995,0.889777039,0.232296943,4.70746034,0.719097606
B_1037,I_075,C_07,0.3000,9.4471,54.48932546,0.65136432,0.451243359,0.382691878,0.152311755,3.763670556,0.402732129
B_1108,I_021,C_13,0.7358,28.7569,87.58360419,0.293657351,0.99961878,0.782749538,0.269138224,4.194540042,0.758688909
B_0495,I_119,C_16,0.6702,21.0208,86.08804306,0.277624101,0.865563898,0.694403322,0.314117654,4.582496264,0.614408316
B_0394,I_033,C_23,0.6623,23.3195,85.94707139,0.457853217,0.736884131,0.637252024,0.061190503,3.93046387,0.873506598
B_1547,I_034,C_10,0.7883,32.0916,86.34089647,0.23216833,0.875375153,0.997429806,0.389518655,4.254341739,0.876668472
B_0465,I_018,C_22,0.7555,35.0044,82.52668379,0.212849212,0.99675058,1,0.310890209,5,0.791635023
B_0887,I_014,C_17,0.4569,24.1237,85.22572465,0.598734708,1,0.857740855,0.297903783,3.894798798,0.817342485
B_1194,I_084,C_10,0.7042,27.3674,74.34536466,0.278208849,0.812573604,0.631619185,0.242020474,4.405902575,0.819978834
B_0367,I_024,C_20,0.5986,19.8125,72.93212292,0.451450927,1,0.69592531,0.371785751,5,0.620997767
B_1894,I_109,C_02,0.5355,34.6862,90.82418032,0.506695605,0.871152032,0.755553927,0.251245678,3.834432409,0.623713768
B_1874,I_088,C_19,0.7803,26.3954,83.26773839,0.101541926,0.680509924,0.625861372,0.219056116,4.039620051,0.692136381
B_0745,I_112,C_04,0.4643,19.8769,92.62151933,0.554925471,1,0.866724156,0.253705353,4.327816596,0.694884993
B_0530,I_058,C_09,0.7707,24.1458,87.37750796,0.241970911,0.566047579,0.806947611,0.418791034,4.441002956,0.792895385
B_0803,I_046,C_07,0.5647,28.1579,76.36892341,0.37231098,0.537274012,1,0.17377166,3.820821513,0.577918958
B_1224,I_109,C_14,0.7141,23.2256,81.48317532,0.330379403,0.797745687,0.829184968,0.214571741,4.200666515,0.644361917
B_1979,I_113,C_08,0.3000,29.5759,76.58242798,0.6795705,0.744777685,0.784859339,0.169131547,3.76910849,0.626494998
B_1906,I_007,C_18,0.5660,39.6162,70.77448921,0.413971692,0.921665378,0.835437889,0.219657874,4.906876929,0.588815192
B_1700,I_002,C_12,0.7245,24.7898,74.2390559,0.204656828,0.988205721,0.713687952,0.102253421,4.848891899,0.703957189
B_1545,I_082,C_02,0.5836,20.6079,90.28571314,0.375163653,0.978186934,0.736615915,0.330801204,4.101262929,0.966409039
B_1314,I_084,C_25,0.5944,27.7008,75.32026684,0.388522281,0.927462278,0.973726042,0.205814019,4.714401064,0.682628025
B_0307,I_059,C_09,0.3689,35.2399,63.94557104,0.583247484,0.805729548,0.849064673,0.19444804,4.249241599,1
B_1667,I_046,C_02,0.5876,24.2516,84.37197916,0.441713451,0.565002055,0.982133608,0.139955461,4.61297111,0.762682089
B_0863,I_117,C_23,0.8007,36.7082,80.15081054,0.199251636,0.651174524,0.926786708,0.37817034,3.637348946,0.446213451
B_1567,I_022,C_10,0.4600,21.0024,71.86332271,0.508973282,0.482625553,0.638944386,0.126763792,4.924032977,0.831090787
B_0531,I_058,C_05,0.7056,31.7109,75.50008525,0.303571121,0.98951697,0.892106385,0.185345205,4.129560876,0.801761153
B_0655,I_119,C_17,0.7788,28.1357,73.6931321,0.158949715,1,0.760186004,0.055776909,4.574419391,0.809106254
B_1260,I_079,C_19,0.6322,29.5369,87.32115488,0.354023301,0.798106777,0.8055476,0.298186505,4.23145516,0.503854056
B_0234,I_105,C_16,0.8534,38.0834,93.18761051,0.112436866,0.81921086,1,0.324389112,4.257717869,0.991482488
B_0121,I_041,C_06,0.5588,32.0297,82.81800105,0.50748613,0.863194015,0.829744697,0.290690766,4.522398011,0.748014218
B_1698,I_011,C_22,0.6554,36.3887,71.16532104,0.391025243,0.793717458,0.613049275,0.094083221,4.302900288,0.904115401
B_0950,I_005,C_15,0.9306,40.0000,98.72382527,0.090779191,0.738102989,1,0.240945993,3.727128726,0.781710163
B_0618,I_113,C_09,0.4331,21.9348,61.43814143,0.63219075,0.817681717,0.857503447,0.294630707,4.513352528,0.39551071
B_1179,I_089,C_25,0.5668,21.9043,72.8213274,0.476958402,0.767786817,0.76094618,0.217863674,3.563096165,0.737355272
B_0308,I_070,C_08,0.4143,25.2275,71.30083376,0.564114732,0.693606782,0.473441384,0.126999147,3.659628298,0.56914509
B_0136,I_115,C_06,0.6489,19.9921,64.17648492,0.431759683,0.699464316,0.742903674,0.282456171,5,0.715381864
B_0555,I_094,C_07,0.4498,16.2253,73.42474155,0.502500426,0.764776774,0.792283117,0.335044341,3.65360514,0.79945828
B_1674,I_085,C_01,0.6226,26.5260,83.70249353,0.362203804,0.898632756,0.856281905,0.20776434,4.074568314,0.842182092
B_0584,I_058,C_23,0.7947,30.0019,86.67787609,0.265952228,1,0.990701208,0.429559376,4.876320623,0.942589381
B_1641,I_093,C_06,0.8964,27.6852,78.51610474,0.133955614,0.767042287,0.726265369,0.281804741,4.973543046,0.835393744
B_0671,I_101,C_16,0.3000,20.6993,67.06687647,0.657975091,0.888429388,0.6269001,0.23229981,3.981657094,0.536876403
B_0835,I_091,C_05,0.9800,28.2607,91.14053885,0.02,0.974813613,0.937103862,0.206757855,4.397065928,0.721910593
B_0110,I_085,C_08,0.7888,35.0281,70.28699919,0.190368649,0.918654311,0.79230389,0.372035612,4.808905155,1
B_1165,I_007,C_19,0.6753,23.0427,76.65753042,0.34859581,0.607738953,0.731179317,0.243403631,5,0.879135785
B_1960,I_108,C_11,0.6555,33.1039,83.252859,0.273604788,0.652501476,0.368112263,0.355762367,3.929145693,0.726256141
B_1465,I_038,C_14,0.3875,30.9549,66.29273802,0.634554324,0.671277357,0.983760825,0.165435273,3.598967488,0.710243538
B_1729,I_115,C_03,0.4812,25.4965,68.32562713,0.528936601,0.608801649,0.744537252,0.475660475,3.946506631,0.67057821
B_1243,I_055,C_07,0.6170,31.2572,64.94104421,0.405966436,0.920376597,1,0.384158748,3.968483754,0.777849488
B_0212,I_057,C_04,0.5376,27.1524,85.33430275,0.508525843,0.854291199,0.754110255,0.1031035,4.89693491,0.780765527
B_1768,I_086,C_02,0.5213,24.8824,83.6954608,0.423599888,0.752150115,0.59658334,0.282843447,3.271253009,0.999374189
B_1121,I_090,C_08,0.6347,25.4719,66.65615291,0.342047127,0.541456757,0.418549032,0.340764253,4.591600965,0.55219752
B_0680,I_029,C_05,0.5204,27.4552,59.23070718,0.436835163,1,0.825638962,0.299269613,4.31609173,0.821706462
B_1951,I_093,C_19,0.6485,28.7326,89.0882291,0.278535739,1,0.705807534,0.254771896,4.459781874,0.869751499
B_1839,I_017,C_12,0.5853,18.4952,77.32782439,0.502994169,0.644985028,0.637936749,0.226031853,4.676224049,0.652378844
B_0412,I_110,C_07,0.7110,12.5846,74.03712685,0.256382191,0.66100723,0.549514164,0.136685009,3.541453341,0.73584923
B_1325,I_119,C_19,0.7574,25.6514,84.35887621,0.25481936,0.721409797,0.742683317,0.190010632,4.17513212,0.807649857
B_0783,I_058,C_04,0.7939,36.2461,70.51001139,0.164282052,0.805992823,0.700144053,0,4.275104687,0.659977254
B_1346,I_064,C_25,0.6235,24.8874,77.71868045,0.364073422,0.85164695,0.586302502,0.250798331,4.458955379,0.79786019
B_0875,I_085,C_04,0.7419,30.8834,73.23350431,0.20949255,0.978908789,0.55508095,0.323083266,4.683135967,0.916262512
B_1653,I_101,C_22,0.3653,24.8369,82.5257661,0.600388242,0.711190063,0.727761796,0.332870435,4.37541192,0.417489615
B_1279,I_070,C_15,0.5427,31.9345,54.72811498,0.473484445,0.632826083,0.923966664,0.272940087,2.639914572,0.701277933
B_0786,I_095,C_23,0.3651,24.0181,63.64643499,0.588642139,0.600373059,0.773947976,0.394438054,4.199128854,0.953687991
B_1819,I_033,C_14,0.6072,35.4345,74.87223812,0.410510867,0.731839222,0.842891386,0.24980515,4.202991117,0.76898459
B_1199,I_105,C_02,0.9383,33.3735,86.81507151,0.067550914,1,1,0.411334436,4.72023542,0.729423187
B_0808,I_050,C_13,0.3565,19.0992,69.20292599,0.696601452,0.710968522,0.791899365,0.105917693,4.03105373,0.501585216
B_0713,I_010,C_14,0.9800,28.7219,85.08106624,0.02,0.923506525,0.826795834,0.390964791,5,0.911749791
B_1991,I_025,C_02,0.8827,23.2633,91.9730285,0.02,0.862114031,0.840290081,0.284814012,5,0.63861753
B_1660,I_034,C_16,0.7353,34.4296,72.24343428,0.257831703,0.891036526,1,0.2871373,3.567818377,0.735437379
B_1191,I_025,C_25,0.6872,25.5186,92.75084883,0.256547759,0.966614248,0.97946628,0.34375315,4.167865393,0.88299903
B_1226,I_101,C_24,0.4757,21.4095,74.75483646,0.483919788,0.76637885,0.636628868,0.325802256,4.108091726,0.711761066
B_0603,I_093,C_16,0.6594,38.2097,85.96061158,0.347974985,0.669279031,0.618719221,0.179888268,4.486878201,0.740251367
B_0271,I_113,C_20,0.3000,20.4488,72.47619861,0.7,0.740912753,0.670864464,0.263649045,3.958245058,0.516522266
B_1385,I_025,C_18,0.6814,37.9891,68.40830051,0.370405394,0.931846988,0.875865133,0.244334491,3.76903749,0.864770392
B_0232,I_116,C_21,0.6108,35.0565,83.52855498,0.423310667,0.734602844,0.602608629,0.152318038,4.199709047,0.823702606
B_0050,I_108,C_05,0.6545,24.0689,90.4670178,0.333140595,0.832465708,1,0.189751769,4.301281222,0.746744147
B_0463,I_033,C_13,0.6260,40.0000,93.81187025,0.382225791,0.940183011,0.577887993,0.151110254,3.955409078,0.795185953
B_1106,I_051,C_21,0.7372,36.3136,85.04409511,0.272301597,0.803545376,0.906818508,0.318218018,4.791598613,0.870010107
B_0856,I_062,C_03,0.4763,26.4617,51.29817356,0.488304458,0.704711726,0.625997641,0.371844482,4.672882247,0.933660838
B_0694,I_026,C_21,0.4560,30.8921,85.30615046,0.557565024,0.974232418,0.844893181,0.194131022,4.279034393,0.469501263
B_1552,I_108,C_16,0.7843,21.0293,70.66417067,0.27525783,0.588323199,0.621797022,0.222587652,4.26234306,0.945995793
B_1873,I_080,C_09,0.5588,15.0174,76.84438781,0.383850119,0.733744958,0.78149024,0.294019533,4.330857151,0.696712145
B_0527,I_063,C_18,0.4164,29.4260,80.57883753,0.55057711,0.642177808,0.939990268,0.2268491,4.288938559,0.583134836
B_0174,I_119,C_15,0.4962,17.6719,77.6755819,0.569857516,0.411848549,0.657551125,0.14973059,4.135881215,0.854972622
B_0721,I_112,C_08,0.3000,23.5534,63.71803512,0.659887267,0.817359141,0.685361744,0.115212233,4.118522934,0.348890151
B_0415,I_102,C_21,0.6862,29.0679,85.24322189,0.360143507,0.912121914,0.605594298,0.358673807,4.347057903,0.710633436
B_0238,I_072,C_19,0.6109,25.9371,67.07629745,0.454765249,1,0.802581232,0.315948086,4.36040974,0.573210287
B_1473,I_012,C_13,0.5509,31.8410,65.81028628,0.392651249,0.800305045,0.52444302,0.377617911,4.384346714,0.897068421
B_1336,I_117,C_06,0.6233,20.9640,76.00847278,0.415047518,0.834170513,0.943707643,0.153631309,3.575974196,0.813327273
B_1064,I_029,C_23,0.4925,30.3898,65.41331875,0.556293352,0.77734358,0.627134949,0.316707378,3.572416406,0.646950434
B_0024,I_108,C_24,0.5079,33.4001,98.76081574,0.500374728,0.697884221,0.725047141,0.176134748,4.897428826,0.446215315
B_1767,I_106,C_23,0.5485,30.8352,71.10677919,0.395239279,0.915891867,0.696063799,0.361130342,3.813055737,0.630356777
B_0064,I_060,C_17,0.6493,20.1853,91.50929579,0.398263962,0.699114345,0.892552575,0.288888977,4.358176205,0.612974268
B_0290,I_068,C_24,0.6339,38.7832,67.04752418,0.277377224,0.461625976,0.695299998,0.151654872,4.163286746,0.798384855
B_0189,I_052,C_22,0.5565,22.7670,80.05946681,0.485700484,0.541950888,0.737851351,0.060358832,3.98922289,0.458731405
B_0702,I_058,C_25,0.7676,30.5176,75.22959656,0.149234566,0.777842575,0.697646029,0.293504666,4.145584798,0.757976894
B_1815,I_118,C_01,0.7807,38.3348,92.91864007,0.239885924,0.66063099,0.579309207,0.194329216,5,0.647961809
B_1138,I_048,C_01,0.7279,31.0864,90.97246201,0.267571935,1,0.651127852,0.266894171,4.61414005,0.740007981
B_0355,I_009,C_09,0.7540,15.1508,74.15882594,0.311923013,0.84614617,0.917883618,0.195622538,4.132091222,0.62792013
B_0417,I_051,C_20,0.7665,23.9531,96.09164258,0.190336938,0.90557893,0.76488678,0.260459168,4.409875953,0.752749075
B_1246,I_003,C_11,0.7739,34.9409,88.7756156,0.342157618,0.976462181,0.749172582,0.33663322,4.40235716,0.763068634
B_0931,I_077,C_09,0.5589,40.0000,65.97268648,0.5056631,0.981516848,0.914083642,0.201742257,3.785766893,1
B_0197,I_015,C_03,0.8111,31.1134,84.19224346,0.214936045,0.925290821,0.864329008,0.160917001,3.762535753,0.623134697
B_0580,I_009,C_22,0.6432,23.9074,75.07141555,0.413387363,0.6479123,0.836351588,0.439512049,4.51940027,0.784935011
B_1135,I_094,C_19,0.6488,26.5939,96.24416061,0.33216563,0.569977709,0.835173475,0.237304143,4.200338978,0.662589125
B_1814,I_024,C_09,0.5637,30.0046,71.16927855,0.448589644,1,0.594787545,0.123058764,4.681860637,0.699003883
B_1935,I_060,C_07,0.6670,29.8074,84.56280189,0.309817972,0.499565446,0.488868169,0.329989024,4.617061797,1
B_0434,I_004,C_04,0.5160,21.2403,68.85996465,0.451148294,0.508328585,0.788644769,0.306100441,4.084363001,0.844913541
B_0101,I_014,C_18,0.7350,33.1560,85.495319,0.315850252,0.770524339,0.942960239,0.235802712,4.44098428,0.881534452
B_1655,I_051,C_09,0.7264,30.6300,85.57787222,0.213747385,0.85672118,0.78259319,0.460915254,4.705080432,0.891535758
B_0395,I_014,C_19,0.8197,40.0000,75.03746091,0.197747921,0.581540669,0.846918206,0.342814679,4.835946328,0.733694379
B_1939,I_037,C_10,0.8917,32.9987,100,0.071527112,0.902354313,0.740725857,0.290593825,4.179506534,0.812305126
B_0221,I_062,C_20,0.4457,27.6064,78.76608738,0.617547488,0.797957513,0.465840995,0.424025028,3.74960058,0.707256253
B_1676,I_095,C_25,0.3225,26.8946,69.73757863,0.647418597,0.812916981,0.571040122,0.186089874,4.090618103,0.562179247
B_1498,I_009,C_16,0.6608,30.1650,84.45614757,0.385077624,0.731196096,1,0.36027662,4.045893344,0.731869191
B_1785,I_085,C_06,0.7022,22.5225,87.91755693,0.277140645,0.912980107,0.629556771,0.17862682,4.907504648,0.800310332
B_0345,I_060,C_10,0.7710,23.9282,79.75779418,0.248671072,0.760404314,0.919577618,0.134036628,4.194480022,0.591447688
B_1028,I_017,C_09,0.6566,24.4079,84.50675176,0.349556148,0.862631227,0.620623872,0.350979646,3.35709929,0.706557492
B_0889,I_031,C_12,0.6335,26.8300,82.37418327,0.343823735,0.662143101,0.737542867,0.236135713,4.431711971,0.693023123
B_1351,I_072,C_07,0.5170,33.8459,90.38972902,0.58174396,0.62674664,0.764202033,0.173008517,4.202223733,0.933563849
B_0553,I_096,C_18,0.4839,21.7591,72.24005533,0.469220291,0.882734157,0.84963917,0.380228152,4.330311796,0.92294857
B_0744,I_084,C_20,0.6823,30.2453,81.64249364,0.324676905,0.745267247,0.69496212,0.413924548,4.341048193,0.774403818
B_1542,I_038,C_06,0.4758,24.8629,76.49722265,0.535535314,0.682636554,0.854431987,0.157079862,3.840508382,0.95422644
B_0539,I_107,C_05,0.5918,39.2468,62.31517114,0.405264556,0.811512153,0.806891806,0.127723254,3.850757499,0.799743723
B_0907,I_028,C_20,0.4261,22.7271,78.75854556,0.560180197,0.76679396,0.505837808,0.244235147,3.712189619,0.554319029
B_1395,I_051,C_06,0.7909,23.1144,89.19537276,0.304518322,0.741708162,0.894565972,0.335295327,4.749525418,0.965753562
B_0116,I_024,C_02,0.6534,23.6542,91.86969643,0.298294205,1,0.991585255,0.417953726,5,0.591003336
B_0830,I_019,C_07,0.5003,24.7810,66.14918312,0.477552137,0.749556831,0.618633174,0.098928516,4.654842838,0.643275254
B_1938,I_003,C_17,0.5683,30.4583,88.25506058,0.457782626,0.633204068,0.936429911,0.351742202,4.763315191,0.783627454
B_0809,I_027,C_25,0.6557,25.4906,100,0.388065986,0.849726047,0.744438843,0.352654059,4.029739663,0.76830455
B_1311,I_013,C_17,0.8630,40.0000,84.3399205,0.098058949,0.434106001,0.731023987,0.231363639,4.720433823,0.918253013
B_1005,I_065,C_04,0.7447,17.3635,86.60584459,0.271555904,0.81803627,0.709239214,0.396301669,3.880348012,0.822994242
B_0306,I_073,C_06,0.3529,23.1724,83.44540074,0.678832893,0.739183622,0.659197762,0.167332345,4.135981367,0.645343567
B_1101,I_027,C_03,0.4844,22.0094,88.64628653,0.451121333,0.702837068,0.861946004,0.197798124,4.276025529,0.392233084
B_0480,I_066,C_05,0.9210,30.9144,74.53904086,0.127585261,0.59969658,0.801044343,0.237052125,3.303717159,1
B_1424,I_068,C_19,0.4984,28.4076,61.89355032,0.430877803,0.80515373,0.466419227,0.225138735,3.669828704,0.869408616
B_1076,I_053,C_01,0.4042,24.8628,77.05910824,0.558159315,0.791284828,0.839537204,0.303273635,3.799690147,0.704126788
B_0571,I_092,C_08,0.6748,26.6804,86.80657363,0.315701193,0.917500658,0.878168342,0.28328495,5,0.666996603
B_0619,I_094,C_21,0.6174,17.0084,91.73987482,0.447183066,0.941085604,0.581624889,0.131171967,3.72093178,0.875008727
B_1898,I_010,C_09,0.8920,36.2770,83.37701427,0.102876124,1,0.893039088,0.479982467,4.93980004,0.843342215
B_1266,I_102,C_11,0.7219,31.9111,88.27281294,0.158150797,0.664193276,0.63028366,0.331794225,4.464050105,0.721523331
B_0079,I_035,C_09,0.4073,20.7251,64.95560058,0.544169594,0.708147324,0.594483735,0.248346575,4.045479839,0.436538127
B_1912,I_115,C_10,0.3570,26.1976,69.64284127,0.650710192,0.976789603,0.673940239,0.128479409,4.551738732,0.576253012
B_0033,I_058,C_04,0.8951,31.2421,88.8165012,0.059808309,0.758726051,0.990101744,0.168838142,3.96703802,0.793709738
B_1538,I_116,C_22,0.5748,25.8162,75.99538945,0.436936347,1,0.733165311,0.273863934,3.972111741,0.613513696
B_1034,I_085,C_09,0.6344,25.3191,95.0444397,0.398151257,0.641667099,0.837727356,0.314875564,4.192671186,0.83348882
B_1563,I_049,C_24,0.6994,36.7754,71.96775641,0.335006992,0.711254138,0.819580362,0.404478626,4.592566567,0.998889162
B_0352,I_037,C_06,0.9140,35.0657,74.77650779,0.02,0.75597055,0.976274457,0.446853772,4.379916766,0.745224929
B_0164,I_035,C_24,0.6722,29.2993,87.76410394,0.302746049,0.368025466,0.694294727,0.270234023,4.937148839,0.983372775
B_0204,I_059,C_15,0.3727,20.9688,60.68267366,0.632626357,0.895670994,0.770599854,0.02259772,4.218897521,0.460909427
B_1054,I_038,C_05,0.4058,23.4133,74.93033224,0.615817202,0.741069752,0.756904104,0.181816356,4.088878075,0.817751579
B_1365,I_062,C_19,0.6123,32.1687,85.73812049,0.429009643,0.808040808,0.741140023,0.156705889,3.628416799,0.928204855
B_1967,I_119,C_19,0.5235,33.0088,58.97123109,0.531053789,0.583494354,0.645110448,0.268167031,4.173915262,0.876368825
B_0496,I_026,C_10,0.4439,20.6696,65.3687582,0.438047096,0.709236577,0.586358192,0.319462345,4.330834317,0.747652364
B_1625,I_055,C_14,0.5048,27.7447,77.92248245,0.484913575,1,0.867620686,0.31415414,4.431115131,0.689081712
B_1966,I_030,C_12,0.6445,27.6451,100,0.267368325,1,0.858067954,0.224619523,4.413075524,0.828746323
B_1963,I_099,C_13,0.4196,32.5487,75.6927619,0.630891243,0.902439168,0.640412676,0.371879256,3.96450045,0.672832613
B_0611,I_086,C_06,0.4247,21.8650,70.86554747,0.580363311,0.863991697,0.611650325,0.238660986,4.181674165,0.650664309
B_0433,I_019,C_02,0.4790,25.1989,89.2354387,0.525733108,0.707911774,0.652501444,0.301476768,4.246401714,0.56807663
B_1492,I_037,C_18,0.8857,39.8214,75.0200744,0.072661963,0.924719874,0.807910207,0.342596047,4.871346712,0.899993351
B_0219,I_084,C_23,0.6180,27.6931,80.51777006,0.345770641,0.743880659,0.983711679,0.442706211,3.732900318,0.663669264
B_1931,I_031,C_08,0.4326,29.3888,69.00096773,0.519766796,0.826038456,0.691306871,0.356005099,4.114026043,0.578279865
B_1466,I_006,C_24,0.5136,21.2855,71.14516744,0.521875649,0.803834018,0.716428091,0.268685831,3.705365315,0.611315277
B_0631,I_100,C_02,0.5285,26.9436,94.53434075,0.474756631,1,0.652372901,0.310078771,3.690151037,0.485120492
B_1382,I_063,C_17,0.6004,28.8398,82.72598567,0.526174767,0.767515382,0.998410448,0.078330158,3.653488344,0.749010021
B_1302,I_006,C_16,0.3905,21.4116,59.24095726,0.632916893,0.696820014,0.687405237,0.318950905,3.782840512,0.540355828
B_0060,I_039,C_10,0.6489,26.2817,77.75189456,0.342915921,0.715173277,0.661504636,0.347183159,4.526706853,0.8627598
B_0299,I_098,C_14,0.4603,24.1407,75.88810643,0.601921509,0.829956966,0.753103203,0.348370602,4.48997616,0.583296112
B_1711,I_098,C_15,0.5913,29.5003,82.6244165,0.376480809,0.734611868,0.658606477,0.192379736,4.677038869,0.656407084
B_0074,I_060,C_04,0.7502,40.0000,72.88963783,0.183934078,0.648531984,0.819843398,0.223754666,4.639266303,0.440205918
B_0163,I_091,C_02,0.8781,40.0000,73.75956978,0.177996367,0.722758454,0.915324481,0.290797868,4.445909721,0.980013342
B_1275,I_051,C_12,0.7253,30.4387,87.12951141,0.271223434,0.872105297,0.808668299,0.25417929,4.518446385,0.754704114
B_1594,I_083,C_12,0.3769,36.2224,54.43028878,0.587763108,0.316071111,0.804487604,0.24973624,3.624658368,0.295327788
B_1434,I_031,C_10,0.3000,23.6571,86.03132002,0.7,0.738164989,0.61594357,0.281174847,4.409389908,0.890722754
B_1613,I_118,C_08,0.9800,21.9524,78.21195017,0.078202159,0.586423124,0.807701391,0.175908132,4.859535773,0.854413118
B_0592,I_104,C_15,0.6605,31.5401,79.89834412,0.368808525,0.564964329,0.503924532,0.323341481,3.732881188,0.484332995
B_0317,I_067,C_14,0.5258,20.5146,78.73521099,0.423444171,1,0.738544362,0.33525956,3.657002571,0.694898479
B_0046,I_062,C_17,0.5019,26.6415,74.69935718,0.60716146,0.905983012,0.846596705,0.120117509,5,0.655244466
B_1720,I_074,C_12,0.3238,24.2606,68.99991298,0.666354043,0.701641018,0.487274441,0.095811095,4.426911981,0.383477769
B_1832,I_073,C_22,0.3694,20.5635,69.55085391,0.546624031,0.827789682,0.625882633,0.156703137,3.498811396,0.999755466
B_0428,I_064,C_21,0.5596,22.7092,71.15097751,0.508534741,0.485651778,0.936060967,0.232445131,3.89954997,0.935988676
B_0582,I_117,C_02,0.5609,33.2377,70.42244726,0.38536843,0.639046334,0.716035605,0.059070499,4.498432858,0.594706273
B_0077,I_008,C_02,0.4893,30.2035,86.80931746,0.427395347,0.743839286,0.690985975,0.242761757,4.393733378,0.930189502
B_1917,I_087,C_03,0.6971,23.8974,96.18089681,0.359519674,0.664079694,0.957451474,0.186765121,4.343498671,0.764948415
B_1415,I_036,C_11,0.4116,28.2716,69.28310245,0.655095077,0.515458258,0.828519264,0.068274851,3.393616893,0.690846004
B_0781,I_053,C_18,0.4264,19.3598,54.24981252,0.496290594,0.974918595,0.531501438,0.132794838,4.570742769,0.952350284
B_1920,I_095,C_03,0.3000,21.6759,76.11752946,0.7,0.779612825,0.696596051,0.301889772,4.418551091,0.862202473
B_1174,I_038,C_15,0.3000,27.8290,78.3093136,0.7,0.419516083,0.550146233,0.34642701,4.070691139,0.650332806
B_1320,I_009,C_16,0.6867,30.7556,80.84335387,0.257477783,0.912790037,0.560322653,0.15468185,4.798258452,0.821582301
B_0938,I_006,C_18,0.3000,12.6843,71.33497658,0.61442722,0.730337338,0.956891094,0.168060938,4.216242309,0.754703148
B_0031,I_033,C_07,0.7478,32.8316,84.22696692,0.248014231,0.737642154,0.557781698,0.265024696,4.096660316,0.955056749
B_1092,I_008,C_20,0.7804,32.1295,72.36601154,0.24323238,0.750419014,0.771717522,0.368900249,4.805929543,0.990600573
B_1616,I_114,C_04,0.6903,27.4026,90.30525036,0.354613643,0.843987076,0.786601243,0.247918004,5,0.987019259
B_1230,I_021,C_07,0.7268,30.6634,79.59674811,0.23394505,0.684268116,0.901605177,0.187264942,3.763381139,0.68671041
B_0975,I_021,C_20,0.6533,30.0888,83.28910257,0.321313207,0.793437956,0.84314978,0.3450999,3.843324442,0.76655624
B_1085,I_023,C_13,0.5684,24.0102,77.20292362,0.339934183,0.770493749,0.615877662,0.222995169,4.614034185,0.66978127
B_0515,I_087,C_12,0.7923,26.8203,80.56961001,0.267000095,1,0.852974867,0.281309642,5,0.868448923
B_1551,I_059,C_22,0.5731,17.4214,96.57236918,0.477827705,0.775315605,0.745692335,0.178676418,4.01958453,0.724759025
B_1568,I_026,C_03,0.6362,34.6598,85.47253347,0.469518769,0.58733665,0.850843303,0.26919318,4.188631219,0.754687373
B_1811,I_098,C_04,0.4479,26.7588,57.4897121,0.535653063,0.729851641,1,0.237585741,4.170923723,0.575372795
B_1574,I_081,C_04,0.5865,30.9539,70.77226371,0.523917322,0.747894238,0.55921432,0.133133429,4.210992949,0.722579512
B_0045,I_062,C_09,0.7108,34.7840,79.5637659,0.258474221,0.785901696,0.846534472,0.175685482,5,0.842438339
B_1687,I_112,C_12,0.3639,31.7573,62.52327193,0.57466349,0.563415666,0.688415635,0.136347483,4.053317051,0.503859621
B_0169,I_078,C_19,0.4710,28.9223,86.22242183,0.533803008,1,0.597616315,0.291044559,4.428134063,0.480622126
B_0304,I_016,C_25,0.7560,28.1874,70.29839946,0.2291513,0.860532334,0.972823828,0.141975565,4.088611452,0.684525215
B_0991,I_074,C_03,0.3024,22.2197,55.76881985,0.7,0.673046322,0.765651621,0.278746607,3.395786673,0.730203616
B_0556,I_047,C_24,0.4302,21.3915,74.20787003,0.619598166,0.705293728,0.850159708,0.17280482,4.528797535,0.699506221
B_1925,I_018,C_17,0.7757,32.8356,86.83914175,0.142020878,0.989862637,1,0.322793053,4.556800415,1
B_0608,I_016,C_09,0.6168,30.8263,68.16694317,0.444613345,0.771961955,0.925552993,0.3449652,4.191784081,0.758775327
B_1619,I_051,C_08,0.7656,29.9476,68.81482671,0.22715214,0.959048598,0.683674,0.292008748,4.394443494,0.868340817
B_0758,I_009,C_22,0.6743,34.5025,90.60669647,0.305443363,0.846779395,0.459139577,0.37184024,4.815447758,0.91459016
B_0439,I_044,C_19,0.3000,23.1985,72.19092138,0.7,0.795543474,0.57108362,0.150707468,3.992922515,0.54194451
B_0583,I_001,C_01,0.4719,21.8628,80.47911485,0.578279044,0.905515084,0.748359226,0.34855404,4.727821985,0.884315984
B_1519,I_063,C_12,0.6781,31.4173,72.07541356,0.350111855,0.749787864,0.680940954,0.151065656,4.066489798,0.561895273
B_0528,I_062,C_14,0.7773,25.5309,80.07441358,0.208800346,0.83085453,0.884392243,0.173052077,3.664363566,0.807416701
B_0343,I_112,C_15,0.4117,21.1567,84.81320847,0.545352783,0.784235086,0.786684813,0.318229862,3.383880124,0.834033814
B_1737,I_103,C_01,0.4979,40.0000,90.02765279,0.436509377,1,0.815415191,0.295858847,4.943520407,0.527825277
B_0368,I_116,C_16,0.6380,24.5991,65.77050695,0.397375819,0.641887724,0.753626525,0.337902212,4.16438349,0.729005748
B_0186,I_096,C_10,0.7403,29.5558,80.31579063,0.289433732,0.819656487,0.682399871,0.335700789,4.384189836,0.697166142
B_1117,I_001,C_16,0.5190,30.2011,82.25397483,0.465568519,0.555332309,0.763034182,0.17818923,3.852969191,0.820195575
B_1755,I_042,C_04,0.6017,27.7228,64.26504091,0.421299275,0.896307207,0.619802821,0.246930091,4.161572367,0.571472028
B_1426,I_066,C_03,0.7392,29.4591,94.31741097,0.303303527,0.923693522,0.999964085,0.227951586,4.624184115,0.84538
B_0301,I_086,C_06,0.4834,24.1643,86.10369675,0.456757164,0.80731679,0.592100583,0.25496754,3.086353601,0.881847146
B_1904,I_085,C_22,0.7611,33.8035,72.45645429,0.222160541,0.453641826,1,0.288619737,4.17310465,0.514385229
B_0833,I_054,C_04,0.5634,34.2486,82.90959219,0.430339709,0.634091772,0.568204014,0.095414415,4.323340281,1
B_0544,I_053,C_12,0.5055,22.6845,91.13163736,0.485216696,0.753172827,0.892410734,0.317880726,3.633616128,0.464285346
B_1601,I_093,C_20,0.7972,26.2647,92.6842784,0.196782429,0.762954971,0.834888428,0.210618014,4.611592357,1
B_0351,I_069,C_03,0.6415,28.1814,67.52122804,0.363215732,0.984863779,0.741100677,0.24604503,4.269148412,0.589628682
B_1933,I_099,C_20,0.7812,26.2202,98.89319173,0.260238943,0.638263495,1,0.355884858,5,0.719054568
B_1511,I_021,C_23,0.6935,30.2077,85.51321216,0.227570516,0.939617726,0.92555275,0.181456769,4.944255463,0.797914816
B_0979,I_092,C_02,0.6147,26.4477,79.56090888,0.428231437,0.792711561,0.513643867,0.274070019,4.663504867,0.889813514
B_0176,I_103,C_22,0.8329,35.9423,91.63341132,0.171580188,0.846021497,0.770478312,0.472911328,4.620918428,0.650706064
B_0483,I_002,C_08,0.7637,32.0942,81.81938644,0.149348825,0.782692913,0.834815033,0.261997677,5,0.588640284
B_1413,I_103,C_03,0.8081,23.8054,79.43570932,0.238464649,0.792941094,0.704210256,0.265597349,4.400864955,0.724466782
B_1611,I_114,C_12,0.6592,40.0000,66.04995802,0.404101976,0.916760145,0.693021843,0.096019783,3.984370089,0.528473145
B_0124,I_045,C_16,0.3791,25.3855,76.62742042,0.449638132,0.88424449,0.544324865,0.301589844,4.054403208,0.807218486
B_0600,I_063,C_01,0.6477,25.4539,81.1760215,0.283504355,0.752890955,0.533361533,0.159427171,4.902469565,0.679945909
B_1795,I_053,C_19,0.5841,18.9299,79.89999803,0.408835694,1,0.634137896,0.102642862,3.825010244,0.661237213
B_1746,I_029,C_15,0.4873,28.6461,71.26710061,0.608210661,0.79606531,0.78773015,0.192661527,3.886291558,0.943795794
B_1379,I_038,C_13,0.3979,33.9846,64.83945396,0.637940414,0.802298435,0.803072131,0.122734838,3.935663298,0.890394609
B_1186,I_017,C_04,0.6536,28.9008,65.75185386,0.33543346,0.562892434,0.559131756,0.292096395,4.585056489,0.694092392
B_0486,I_104,C_04,0.6395,26.6956,93.28401739,0.386695214,0.946872052,0.841531839,0.121439968,3.851251869,0.798604589
B_0332,I_057,C_13,0.5927,26.6025,85.55431931,0.426640742,0.679165929,0.67041413,0.263507862,4.396729123,0.718497758
B_0789,I_087,C_15,0.7238,23.3114,73.14940335,0.264271815,0.943488529,0.712406812,0.194972495,3.57477001,0.889995718
B_0195,I_103,C_12,0.7750,36.1668,70.62518092,0.17330504,0.889700459,1,0.260263478,4.245405073,0.895613879
B_0638,I_069,C_11,0.5741,24.4488,59.82864019,0.518647271,0.883465607,0.770089133,0.372407578,4.465428318,0.854293422
B_0472,I_104,C_02,0.6589,26.5309,59.86587993,0.284531878,0.468146003,0.757679465,0.174467968,3.914803165,0.515007223
B_1714,I_099,C_25,0.6155,31.5582,80.86444509,0.372971384,1,0.703492055,0.355114099,4.301902352,0.74190447
B_0323,I_105,C_01,0.7996,32.0100,83.72592514,0.180815099,0.928591374,0.892867667,0.331360349,4.43094925,0.656323956
B_1197,I_010,C_12,0.9800,34.2859,98.1851633,0.02,0.769615286,0.705066155,0.185740479,4.256290591,0.852884747
B_0267,I_113,C_12,0.3527,17.4322,97.23270174,0.575137165,0.487097232,0.805590968,0.138300837,3.783266635,0.734445634
B_1544,I_007,C_06,0.8610,26.8149,82.17875034,0.12287766,0.950588013,0.692580325,0.270662139,4.059463849,0.839422029
B_1804,I_036,C_19,0.3000,16.1311,67.76366733,0.693990163,0.603904286,0.828368054,0.14627423,3.746262523,0.769544747
B_0068,I_090,C_06,0.6357,35.2569,87.51142205,0.352268649,0.878070791,0.717327584,0.311888924,4.142058636,0.673347583
B_1738,I_073,C_08,0.3000,30.2167,66.78241511,0.7,0.660300954,0.875347759,0.187009054,3.858651666,0.500744203
B_1593,I_056,C_08,0.6906,31.4181,83.9526092,0.302731735,0.890475302,1,0.460427252,4.309304202,0.852808964
B_1564,I_029,C_15,0.5688,24.1512,68.5570309,0.470136896,0.604292481,0.872962525,0.475844412,3.995914891,0.383170137
B_0481,I_027,C_05,0.4913,18.3379,66.80170708,0.448220752,0.951409349,0.596895762,0.058260745,3.753403069,0.595711987
B_1757,I_041,C_17,0.3777,18.9088,80.6144951,0.589345233,0.919441447,0.296784086,0.271206464,3.637598826,0.666667853
B_1913,I_048,C_01,0.6403,29.0837,87.19557576,0.371365347,1,0.887516618,0.326891054,4.998017919,0.762134316
B_1441,I_015,C_18,0.6940,35.5884,84.979629,0.289184904,0.754190131,0.601488622,0.29878855,5,0.965829211
B_1461,I_020,C_22,0.4472,20.9795,85.51173023,0.508500281,0.484257937,0.791121764,0.252406976,4.445568992,0.815402352
B_0888,I_015,C_16,0.7669,33.9728,86.09125401,0.275379945,0.595142789,0.807239177,0.238899382,4.457177314,0.778394864
B_0423,I_021,C_18,0.6638,33.1564,92.72081701,0.28176921,0.65542175,0.873643,0.352992315,4.653692214,0.711703565
B_1675,I_014,C_04,0.9800,23.2215,91.37211742,0.02,1,0.705397877,0.420634345,4.977579723,0.816908361
B_1450,I_002,C_14,0.6931,37.6427,82.59145475,0.206887095,0.712998025,0.534926028,0.271353818,4.161638969,1
B_0765,I_111,C_24,0.6621,24.8465,83.53984374,0.325097692,0.55733163,1,0.085450143,4.588124269,0.692960422
B_0520,I_032,C_12,0.4906,29.1778,80.9867359,0.468452979,0.755494031,0.818503954,0.288686451,4.057141629,0.802818759
B_1432,I_038,C_17,0.4193,14.8799,57.30596285,0.624753195,0.528886736,0.753277402,0.006768362,3.522557376,0.621685967
B_0614,I_078,C_09,0.7343,27.6605,97.59894525,0.239384823,0.859034325,0.971947982,0.280332824,3.958061541,0.412410773
B_1531,I_052,C_01,0.7263,17.2447,69.6536751,0.275209577,0.916576913,0.745690917,0.27123356,4.388184271,0.69046894
B_1783,I_017,C_24,0.7180,32.4224,79.28145319,0.367536329,0.705313619,0.99652954,0.446029226,4.053965945,0.859614035
B_1659,I_008,C_23,0.6469,28.4783,85.11308894,0.391302222,0.850570173,0.813884692,0.287714552,3.960105323,0.797398929
B_0454,I_095,C_10,0.4909,26.3181,76.68048625,0.514141618,0.868262548,0.497726002,0.454697275,4.715824763,0.764544192
B_0731,I_037,C_11,0.9800,34.6708,84.77661349,0.03771908,1,0.970997581,0.304579717,4.774220214,0.845904917
B_0535,I_042,C_03,0.5930,13.4240,80.46414122,0.410561163,0.68917725,0.808847174,0.330452485,4.162042021,0.797054862
B_0966,I_059,C_09,0.7126,17.3633,79.18768602,0.293815089,0.473019582,0.793033734,0.332453144,4.13176499,0.750431001
B_1285,I_097,C_12,0.6428,19.3317,74.85231366,0.323554145,0.818675963,0.902464304,0.325706856,4.511695699,0.82512663
B_1740,I_022,C_23,0.6798,16.7045,72.2280922,0.298935251,0.71282226,0.939927626,0.246949266,3.692556155,0.962897002
B_0262,I_039,C_14,0.5811,22.6914,81.87115,0.416767187,0.823152629,0.749322992,0.254235875,4.337302058,0.751194915
B_0536,I_070,C_06,0.3228,32.4766,53.14920614,0.660851893,0.596799356,0.471738,0.415694891,4.815288265,0.529909805
B_0969,I_077,C_03,0.5461,33.0319,41.09823561,0.451056978,0.76908706,0.925131241,0.153608579,3.993496006,0.775887389
B_0241,I_062,C_03,0.6432,23.4244,76.16798051,0.291683908,0.743083383,0.708878335,0.330213046,4.343652435,0.792857697
B_0820,I_086,C_09,0.5421,22.5983,75.26714235,0.372758379,0.710147981,0.729672908,0.266222064,4.875324905,0.734485208
B_0693,I_093,C_13,0.7342,35.9762,83.58505136,0.319023087,0.906194249,0.526120162,0.327364455,4.659587231,0.895890539
B_0421,I_027,C_20,0.5244,17.7972,91.93526734,0.413569706,0.772917068,0.880741445,0.242271827,4.699208279,0.814119633
B_1086,I_055,C_04,0.5949,26.2605,74.33905208,0.364714655,0.444066533,0.738348436,0.147347398,4.434144739,0.896062997
B_1999,I_045,C_08,0.3221,15.0877,77.05213624,0.7,0.468412858,0.784290343,0.22474905,3.835970312,0.809609273
B_0366,I_033,C_11,0.5934,27.5300,85.84990733,0.427845558,0.730406357,0.670054866,0.199137779,4.453849616,0.782149196
B_1023,I_108,C_02,0.5940,34.0739,76.51933482,0.325636041,0.779648914,0.828569223,0.231623431,4.314935191,0.653804187
B_1241,I_095,C_08,0.6252,21.5215,56.30569285,0.321260087,0.759036646,0.903344025,0.28626609,4.374304113,0.629413273
B_0589,I_118,C_18,0.7577,30.8345,80.36397444,0.27823337,0.968619138,0.809946696,0.331343772,4.774022236,0.822153636
B_0737,I_089,C_07,0.5302,25.5831,56.89524622,0.480168676,0.831312542,0.787945643,0.229508182,3.475491922,0.717899478
B_1762,I_025,C_15,0.8372,26.4961,92.53011988,0.097303477,0.907421764,0.92118756,0.318943867,4.35297029,0.729764313
B_0942,I_047,C_22,0.6950,25.9082,77.66166626,0.283006531,0.773293836,0.801017745,0.165430122,4.027831772,0.768818298
B_0072,I_092,C_25,0.7218,20.1982,83.55297614,0.338875395,0.881356733,0.783241282,0.235445,4.04084769,0.737352754
B_1408,I_111,C_05,0.5621,33.5720,71.75949368,0.457965067,0.773943367,0.85117344,0.192110188,3.840264979,0.84673617
B_0260,I_052,C_08,0.5670,22.4995,78.09870814,0.432373352,0.418803042,0.540067449,0.120956643,4.062574661,0.605153837
B_0052,I_116,C_22,0.6719,26.6442,92.56002707,0.268962742,0.413606666,0.638337856,0.25139148,4.081986986,0.740197378
B_0199,I_029,C_12,0.6848,25.1311,72.05178019,0.293083097,0.755427985,0.662402324,0.092520477,4.106681484,0.611286041
B_1789,I_064,C_25,0.6674,33.9628,73.4606758,0.416074752,0.670750134,0.795575369,0.320115515,4.107914051,0.71263014
B_0651,I_004,C_19,0.4714,18.7873,75.57338116,0.46165471,0.856019548,0.908943953,0.279179631,4.57783603,1
B_0333,I_089,C_01,0.5564,23.2979,55.55351986,0.391831218,0.800116938,0.501212204,0.133699121,4.432774977,0.66307583
B_1360,I_037,C_04,0.8228,38.4910,79.26192185,0.150287467,0.988552441,0.843693964,0.21460727,4.071718444,0.708435458
B_0594,I_117,C_17,0.6713,27.2921,92.069157,0.338070596,0.9833291,0.936931828,0.37026706,4.199999824,0.953459611
B_1392,I_053,C_13,0.5645,25.6892,82.24093676,0.401621133,0.866159114,0.670184196,0.241289023,3.442268374,0.43759313
B_1801,I_011,C_09,0.5254,30.1244,79.89823958,0.548082132,0.528507627,0.661581391,0.319400915,4.020044305,0.691724303
B_1315,I_065,C_02,0.5703,28.3132,81.70064248,0.327278688,0.86353589,0.718368342,0.074391967,4.62330937,0.564770262
B_1112,I_042,C_24,0.5391,31.0320,55.80981298,0.484288244,1,0.746370277,0.124648824,4.157688235,0.861636211
B_1007,I_104,C_12,0.5194,26.3466,68.95908089,0.482315475,0.673974685,0.759412119,0.279239595,3.965354726,0.613538525
B_1327,I_094,C_04,0.6796,20.5207,52.33153013,0.289907377,0.68831983,0.851332891,0.228585899,4.503253487,0.60424961
B_0427,I_111,C_04,0.6811,31.9510,66.16176657,0.420024604,0.963733184,1,0.347209189,4.481439626,0.714266734
B_1559,I_070,C_19,0.3000,19.1711,65.6624515,0.646812141,0.794161211,0.769208401,0.326370774,3.178970895,0.630449841
B_1294,I_038,C_11,0.3734,13.3194,67.55862836,0.638333674,0.894223915,0.758074242,0.242214969,4.336777643,0.800194375
B_0591,I_089,C_08,0.5159,27.5260,88.69885228,0.490369892,0.852370702,0.685375838,0.300428922,3.77276629,0.449858563
B_1958,I_109,C_14,0.7240,33.9806,84.90865134,0.149256181,0.781668241,0.985672395,0.278946755,4.751084925,0.773940555
B_1977,I_029,C_07,0.5582,27.7384,81.14215204,0.44370981,0.884386229,1,0.170481529,4.748911844,0.537051272
B_1133,I_111,C_24,0.6725,26.4336,93.00652664,0.331471413,1,0.777567924,0.209890048,3.940732207,0.79731369
B_0986,I_053,C_14,0.5643,21.7707,70.07912526,0.487932087,0.839537631,0.680671086,0.168229463,4.043536564,0.78546898
B_0399,I_120,C_18,0.4626,25.1505,84.78707383,0.444244219,0.81667865,0.743819914,0.177766904,4.387377173,0.766286882
B_1512,I_090,C_05,0.6334,39.4766,75.82902499,0.349140059,0.928791642,0.727260521,0.334271748,3.839745154,1
B_0437,I_049,C_10,0.6438,35.0829,85.01062851,0.348864221,0.801714705,0.884013041,0.292270578,4.046966544,0.65695885
B_0193,I_101,C_14,0.4819,30.5164,71.80234362,0.484698398,0.961915127,1,0.080239248,4.938827057,0.534628232
B_1436,I_100,C_04,0.4010,16.8221,58.26377409,0.468318389,0.814344072,0.779197573,0.091697039,3.612355067,0.861109309
B_0615,I_092,C_25,0.6665,33.7497,84.56497145,0.336337094,0.408377604,0.894182011,0.364042472,4.35885923,0.722142045
B_1494,I_106,C_11,0.5578,22.9423,97.27253319,0.420294352,0.735861638,0.688368938,0.386537512,3.926236723,0.618667224
B_0577,I_117,C_06,0.5502,25.7402,78.23292561,0.466885246,0.752563614,0.850780453,0.358249464,3.847696458,0.557504784
B_0987,I_023,C_16,0.4500,19.9047,70.3922498,0.575134615,0.60747349,0.742612022,0.387769612,3.738949015,0.453521278
B_1433,I_013,C_21,0.8274,32.5461,80.45280073,0.22567432,0.93227984,0.688370573,0.196508537,4.020975445,0.711573658
B_0707,I_029,C_04,0.4743,28.3465,85.75910107,0.598682708,0.63421455,0.651607717,0.388086562,4.012601439,1
B_1259,I_004,C_15,0.4061,34.8958,98.13461342,0.590490823,0.785699458,0.650971245,0.393937963,3.943107837,0.578823764
B_0142,I_005,C_19,0.8333,29.1248,88.80420324,0.26944677,0.777106331,0.783726013,0.351164327,3.707827781,0.771917486
B_1358,I_035,C_23,0.7842,23.9393,82.68142524,0.232000562,0.928397882,0.836658389,0.228023254,4.463400189,0.599039491
B_0003,I_093,C_04,0.6043,35.4762,76.40641251,0.365551009,0.666204255,0.650257529,0.385927522,4.448474792,0.885501389
B_1222,I_056,C_12,0.8136,40.0000,73.15885882,0.181953832,0.801732332,0.754437445,0.193781219,4.178802581,0.801711271
B_1870,I_047,C_14,0.5608,25.5179,74.7227271,0.386073759,0.792901119,0.832020445,0.191685618,4.612525881,0.742374989
B_1623,I_008,C_15,0.7456,18.6833,94.16324839,0.197698878,0.796583981,0.656074078,0.301632372,4.153343003,1
B_0340,I_007,C_07,0.6749,21.2470,85.51778484,0.367259003,0.586217454,1,0.300346669,4.894288806,0.754178534
B_1770,I_027,C_14,0.6749,23.6895,67.44602561,0.233858662,0.744631111,0.617069212,0.02906396,5,0.666162997
B_1537,I_063,C_07,0.8136,21.9667,70.21929737,0.164360731,0.945235584,0.622682488,0.332360504,4.133193167,0.826745138
B_0484,I_090,C_12,0.7133,32.6263,99.31067759,0.302482651,0.723057317,0.858364601,0.189005095,4.999886261,0.853372582
B_0266,I_101,C_03,0.4880,29.7854,72.47923485,0.418822206,0.779615838,0.969906079,0.331964965,4.381855948,0.963413617
B_0377,I_112,C_18,0.5265,16.4696,77.55024589,0.529351946,0.701730171,0.587548834,0,4.237457104,0.593702453
B_0742,I_113,C_24,0.3277,27.2070,69.86297246,0.673984424,0.457837585,0.837953698,0.274949618,3.966754632,0.622017473
B_1014,I_026,C_02,0.5056,23.2922,77.42670553,0.483638909,1,0.586407317,0.191130684,4.07813304,0.656431543
B_0440,I_092,C_22,0.5427,26.4582,77.14300475,0.39509478,1,1,0.289869648,4.672138244,0.677499674
B_0272,I_002,C_14,0.5830,27.8904,77.61885394,0.358834337,0.866955806,0.838485841,0.379931974,4.188613853,0.843371049
B_0185,I_063,C_17,0.6200,30.6123,84.05310964,0.406165972,0.646871192,0.788770378,0.187125602,4.024031493,0.67859232
B_0940,I_115,C_06,0.5268,25.3517,67.24140321,0.517919492,0.984718425,0.808494948,0.055387932,4.039196951,0.411996556
B_0245,I_106,C_02,0.5600,28.7576,65.19917696,0.442653732,0.82287305,0.728278153,0.259412542,3.867216352,0.690349745
B_0932,I_092,C_01,0.6442,31.3919,72.53161911,0.295721406,0.780658967,0.773814342,0.269128943,5,0.784935966
B_0446,I_099,C_21,0.7382,34.4050,76.99523376,0.325419793,0.945025369,0.783646636,0.453182888,3.743018629,0.862246174
B_0597,I_061,C_25,0.3481,20.4043,67.67597644,0.7,0.569895797,0.309886795,0.251168389,3.453594562,0.418248439
B_0818,I_109,C_22,0.8393,34.5979,81.92438435,0.15682719,0.823416562,0.633875507,0.209249219,4.578078771,0.796456145
B_1273,I_008,C_23,0.6098,28.9349,72.81741019,0.438900473,0.568618106,0.623681845,0.305616629,4.450321315,0.519319776
B_1677,I_055,C_20,0.5460,31.4676,90.43482272,0.509057924,0.780039776,0.719549322,0.176818305,3.45543055,1
B_0487,I_033,C_13,0.6657,22.1907,65.14187711,0.383980362,0.659836855,0.789077456,0.161145128,3.594168463,0.91287481
B_0681,I_013,C_15,0.8636,25.1450,70.98731883,0.169846282,0.842141555,0.559250022,0.228099013,4.345840261,0.691746132
B_0416,I_109,C_24,0.5508,29.7828,97.67035287,0.469144644,0.638083768,0.778508437,0.355512249,4.354775279,0.830464097
B_0274,I_092,C_25,0.4665,20.5389,77.97261964,0.513721332,0.798370743,0.804020177,0.282512791,4.05338307,0.997394147
B_1472,I_107,C_25,0.4950,20.5733,70.56686868,0.460448509,0.792090039,1,0.204465952,3.552571001,0.837498139
B_1830,I_107,C_09,0.6741,20.8857,83.39405754,0.235954798,0.51967049,0.949042801,0.291748602,3.675236127,1
B_1455,I_036,C_25,0.3830,25.2615,81.55817952,0.645224515,0.715163203,0.693067973,0.272645414,3.341985583,0.918457874
B_0251,I_032,C_18,0.3956,24.7397,81.65205556,0.624826416,0.561143401,0.586746362,0.202825144,3.65522638,0.645224268
B_0414,I_038,C_17,0.4880,23.4618,54.44359346,0.426908283,0.965841624,0.683395385,0.326055068,3.630893097,0.702957618
B_1386,I_017,C_20,0.7563,28.2090,100,0.20339731,0.92878204,0.795421699,0.324546724,4.735062564,0.850037166
B_1308,I_010,C_10,0.9125,38.4455,89.79786443,0.02,0.751749302,0.589442199,0.293686509,5,1
B_0716,I_024,C_21,0.8236,34.1752,80.52711356,0.212721043,0.582295831,0.720205528,0.401244186,4.396698177,0.493541802
B_0311,I_003,C_19,0.8760,30.0058,78.55545921,0.152215452,0.7987153,0.960504554,0.395519979,4.9169703,0.96892715
B_0927,I_073,C_09,0.3000,24.4610,64.02892423,0.7,0.985237493,0.665252979,0.090127709,4.19707995,0.631997651
B_0382,I_018,C_13,0.9215,32.3492,87.04644904,0.133203125,0.877436346,0.766608742,0.305247937,4.781878421,0.850155348
B_1566,I_107,C_06,0.5397,30.5834,78.27536268,0.431428449,0.914499159,0.697684564,0.20180648,4.573325235,0.902326878
B_0426,I_028,C_09,0.5690,30.4352,67.3673836,0.483771499,0.900609107,0.524685814,0.342108481,4.090708785,0.714528309
B_1875,I_083,C_20,0.4899,27.1639,53.72362293,0.502039951,0.601982624,0.431936658,0.131087757,4.290200486,0.630867463
B_0533,I_049,C_01,0.7079,22.7610,81.97429745,0.294104679,0.595345857,0.660175877,0.272435449,3.776438561,0.585017835
B_0753,I_012,C_10,0.4753,28.5073,91.72168707,0.530078304,0.700506605,0.505870991,0.196747565,5,0.927189043
B_0766,I_016,C_25,0.5103,31.2038,82.35843015,0.467282943,0.568864233,0.74251787,0.239503967,3.649951961,0.94707082
B_1357,I_030,C_16,0.8864,24.5604,88.91755346,0.100217638,0.906593806,0.58320438,0.216939302,3.874315042,0.989286491
B_0409,I_086,C_22,0.4897,24.0069,79.75184721,0.48387231,0.738435005,1,0.278630519,3.728722046,0.395432934
B_1615,I_113,C_09,0.4027,14.9703,40.38672466,0.578085923,0.457513259,0.67094426,0.299540281,4.248607318,0.519181674
B_0695,I_074,C_23,0.4763,13.7845,75.2233554,0.516517119,0.686973699,0.792008806,0.257376228,4.295600713,0.632277024
B_1739,I_118,C_23,0.8532,35.6992,94.21587084,0.227595431,0.666663579,1,0.150320314,4.086924189,0.96342156
B_0549,I_103,C_24,0.8214,23.8341,95.70888663,0.159694469,0.638729318,0.550951215,0.270257318,3.833517066,0.955169443
B_0937,I_035,C_04,0.4729,25.5580,76.95367605,0.580457473,0.684451553,0.841998754,0.50102443,3.65024685,0.784089594
B_1390,I_066,C_25,0.8147,31.1280,77.71086066,0.216412447,1,0.734887105,0.254578014,4.552118911,0.885385179
B_1608,I_078,C_19,0.5748,18.7453,69.46967961,0.388014461,0.762925467,0.820479566,0.217571032,4.418120735,0.630033689
B_1940,I_043,C_11,0.6824,31.4606,78.1951952,0.260136832,0.790616037,0.645657528,0.292155247,3.541874332,0.720118673
B_1482,I_104,C_18,0.4413,24.8827,76.9911823,0.587765572,0.798544862,0.928086076,0.251611276,4.086740964,0.502114726
B_0183,I_077,C_12,0.6541,35.1380,68.40841718,0.252760554,0.837992206,0.638352827,0.453518469,4.498986375,0.742838975
B_1941,I_040,C_22,0.6189,30.1162,73.43784466,0.374903795,1,0.556363875,0.185914875,4.337263037,0.858583928
B_1161,I_014,C_20,0.7797,32.0311,72.02117172,0.251625121,0.995035831,0.871783554,0.312162655,4.824137166,0.694232719
B_0171,I_001,C_10,0.5431,34.6947,90.50114757,0.463069429,0.645780495,0.738582068,0.287136515,4.249950572,1
B_0293,I_056,C_13,0.7577,34.1955,70.13144484,0.193777477,0.475178963,0.802775431,0.261551007,4.200907842,0.650965778
B_0562,I_013,C_06,0.8800,33.8688,67.32476329,0.055018243,0.877523013,0.695547628,0.332248243,4.830356838,0.855315724
B_1457,I_026,C_21,0.6153,23.7361,100,0.40173125,0.689648486,0.795080948,0.254072783,4.862591214,0.625950866
B_1877,I_095,C_08,0.4008,18.6242,70.59130205,0.669062114,0.668760317,0.8098954,0.367373332,4.336772492,0.57866999
B_1652,I_111,C_14,0.7198,34.7089,76.64475435,0.391622421,0.518321095,0.761104515,0.219315184,3.535715588,0.671660029
B_0850,I_105,C_12,0.8477,36.4797,92.96454303,0.12334371,1,0.843801597,0.290358011,4.405888257,1
B_0273,I_002,C_15,0.9800,29.8454,91.46424546,0.080208518,0.702513155,0.624029216,0.23327406,4.614544476,0.812323929
B_1550,I_043,C_02,0.6413,29.0851,96.5826802,0.388878552,0.924946919,0.634041319,0.360879015,4.303348341,1
B_1035,I_014,C_14,0.7317,31.3617,72.04943389,0.252978257,0.894827588,0.676706074,0.301434609,3.999149575,0.83354432
B_1744,I_026,C_15,0.6667,24.7670,79.31682322,0.306744647,0.821472231,0.674325596,0.369254508,4.751642402,0.752852887
B_0372,I_036,C_03,0.5883,13.3302,78.9311486,0.420502082,0.971146787,0.809005905,0.369531419,3.783286472,0.613154095
B_1670,I_068,C_23,0.4761,31.4479,71.9049531,0.492808751,0.977443226,0.367748533,0.190669493,3.919139047,0.42003115
B_0722,I_036,C_16,0.3748,23.3843,59.68264341,0.544906365,0.632874158,0.693303629,0.086033118,4.398365881,0.521542449
B_0734,I_055,C_10,0.5438,32.7421,88.52463769,0.489116992,0.842783583,0.815574072,0.163271614,4.74718537,0.899902178
B_0778,I_057,C_07,0.6346,30.9044,85.71143465,0.447053113,0.999132285,0.882784072,0.215750752,3.789785498,0.544684756
B_0519,I_066,C_24,0.5951,30.0686,80.83436469,0.46069127,0.83505389,0.849142751,0.20671194,4.443394303,0.918652506
B_0335,I_023,C_20,0.4574,16.1888,55.19090856,0.586363699,0.843535162,0.659020519,0.197610358,4.802841832,0.552841666
B_0846,I_020,C_13,0.4628,21.7100,95.90009482,0.431067366,0.777680251,0.852410311,0.399352604,3.635236515,0.433878938
B_1252,I_024,C_13,0.5265,27.9713,89.00505087,0.463202343,0.853670796,1,0.136328151,3.940636302,0.98719998
B_1053,I_052,C_18,0.3748,28.5225,55.62190216,0.621759576,0.999369597,0.816169261,0.095946531,3.622502023,0.855211203
B_1924,I_099,C_24,0.6073,23.2655,83.3433525,0.443053474,1,0.678018943,0.274206164,4.257078071,0.793286277
B_0016,I_100,C_24,0.5326,14.7387,66.76488066,0.560852279,0.935245992,0.773602194,0.337250733,4.59463165,0.518201237
B_0708,I_120,C_21,0.6142,27.7585,60.61802809,0.354371725,0.936172594,0.652424494,0.174848531,3.902774638,0.824471971
B_0901,I_096,C_08,0.7743,22.2532,82.83430524,0.224518416,0.390066482,0.763901849,0.171512857,4.766941003,0.602563208
B_1980,I_093,C_25,0.6941,26.3794,82.50483516,0.253022229,0.593538433,0.857915809,0.175324178,4.302664003,0.888000814
B_1573,I_071,C_20,0.6116,21.4115,71.01797169,0.406577607,0.615115161,0.899195071,0.332300514,3.77997534,0.785616618
B_0904,I_102,C_01,0.9252,35.1047,89.21384741,0.057535921,0.690957415,0.777866127,0.405063987,4.68665079,0.703237307
B_0466,I_025,C_15,0.8511,40.0000,76.2194897,0.174110491,0.942197379,1,0.201209972,4.224099901,0.768770329
B_1978,I_062,C_05,0.6880,29.5364,78.48320333,0.21342229,0.777256649,1,0.217834345,4.629520395,0.897171354
B_0200,I_036,C_07,0.5356,19.6585,78.11795724,0.40298961,0.539115565,0.803889564,0.229164524,4.172835421,0.536503967
B_1207,I_111,C_15,0.6487,22.6313,80.90577884,0.349077137,0.929371043,0.615522732,0.414507814,4.584337212,0.838036606
B_1056,I_088,C_03,0.5496,21.0217,66.33613925,0.501619787,0.530169449,0.565817202,0.493203872,4.412590382,0.431023755
B_1132,I_086,C_23,0.4983,21.5858,84.9035884,0.424298239,0.772575562,0.499278462,0.162130689,3.93978984,0.787639562
B_1380,I_097,C_04,0.7184,36.1615,100,0.296785828,0.886044289,1,0.164630195,4.50163312,0.672084015
B_0999,I_001,C_08,0.5308,26.1763,79.88538187,0.458035013,0.705165977,0.727204614,0.18210506,4.02816586,0.413349264
B_0728,I_023,C_13,0.5615,31.7294,80.9732512,0.406799115,0.633619563,0.606227062,0.218655769,4.76331661,0.881994643
B_1772,I_031,C_14,0.5301,25.2850,100,0.379772237,0.698500533,0.996764659,0.322578744,4.215622444,0.830205525
B_1910,I_007,C_08,0.7821,34.8163,75.96883303,0.258753171,0.766536821,0.954680556,0.368170861,4.372142328,0.604488761
B_1822,I_020,C_03,0.7105,34.0813,87.10264057,0.287909966,0.642132993,1,0.189962398,3.635576526,0.861916904
B_0568,I_120,C_18,0.6885,25.5277,80.71159502,0.33224666,0.930706625,0.782999341,0.024065671,4.330101875,0.745896156
B_0044,I_015,C_25,0.7227,22.0184,96.07115102,0.30064627,0.865968225,0.843455528,0.322182172,4.763348785,0.828766387
B_0275,I_054,C_14,0.8569,32.4855,78.45563156,0.115653522,0.658203959,0.734439679,0.16506043,4.607907933,0.641941037
B_1097,I_025,C_20,0.9600,37.5227,91.62734148,0.02,0.967239998,0.832587835,0.344320076,4.640177033,0.728161668
B_0102,I_095,C_06,0.5198,26.4299,61.28340626,0.362767165,0.664601358,0.458211057,0.178210241,4.271795901,0.520098755
B_1232,I_070,C_12,0.3766,28.8574,86.32006347,0.610088803,0.627128213,0.702992853,0.383740984,3.860112211,0.471331505
B_1722,I_120,C_15,0.5930,16.4306,76.06177262,0.38672238,0.770728417,0.867857324,0.102986624,4.689557259,0.821315315
B_1833,I_026,C_09,0.4778,23.0210,74.18335315,0.631466159,0.743683577,0.591617704,0.105890102,4.497880507,0.646596911
B_0108,I_062,C_17,0.6257,21.6006,88.12244135,0.358342971,0.788588614,0.792804399,0.041218347,4.163256769,1
B_1618,I_038,C_21,0.4881,26.8890,83.61123038,0.497565773,0.837962799,0.381736704,0.052685365,3.405054823,0.614207057
B_0498,I_050,C_12,0.4101,25.3623,65.55972153,0.54339238,0.716368569,0.297825337,0.151769072,4.202324503,0.62747783
B_1981,I_062,C_14,0.4581,27.0479,89.02542971,0.549871993,0.762219374,0.77513681,0.253515351,4.288709069,0.624118973
B_0882,I_057,C_10,0.7410,25.9532,55.88320065,0.31677176,0.287439904,0.805711768,0.334673907,4.417186676,0.577629263
B_0757,I_076,C_22,0.4041,25.7112,81.0414028,0.605667449,0.749904777,0.803578243,0.383116808,4.81407421,0.540997203
B_0620,I_110,C_13,0.6184,31.2930,78.59286175,0.360382148,1,0.624297692,0.305873399,4.480644664,0.771816501
B_1107,I_019,C_10,0.6597,26.8813,80.8496762,0.246278644,0.769795643,0.371535339,0.210233195,4.505707826,0.791596112
B_1936,I_045,C_21,0.5413,16.5938,71.50030557,0.35521548,0.789282149,1,0.232137621,3.725073958,0.58345689
B_0810,I_066,C_25,0.6027,22.9285,79.14859997,0.442457741,0.862027427,0.864249686,0.193900701,4.209963704,0.797746665
B_1038,I_051,C_16,0.7687,21.0072,85.76570324,0.155265723,0.718150647,1,0.280121231,3.839978063,0.920614738
B_0073,I_111,C_09,0.6606,31.3091,82.42412196,0.334786175,0.89595625,0.748415845,0.341294055,4.125821418,0.806085252
B_1284,I_084,C_01,0.7292,28.7097,72.31514876,0.222545107,0.936697012,0.768072304,0.321474956,3.571757972,0.857449911
B_1272,I_075,C_19,0.3000,27.1730,53.17482701,0.7,0.750374473,0.568278102,0.112565505,3.784135706,0.44995558
B_1335,I_078,C_05,0.4247,25.0613,73.31389291,0.571614307,1,0.486861661,0.34391799,4.491789541,0.841590344
B_1459,I_027,C_12,0.5321,29.7158,83.35510538,0.45774327,0.957685741,0.823591069,0.369364255,3.420462298,0.676369926
B_0482,I_106,C_01,0.6741,24.1213,82.63634604,0.344882132,0.70970087,0.816906518,0.366640404,5,0.950022435
B_1069,I_074,C_15,0.3000,21.7022,66.19590475,0.649099832,0.6601205,0.841886236,0.177317268,3.690771397,0.690168001
B_0507,I_020,C_25,0.6823,29.8462,74.44499817,0.345264401,0.541353957,0.598451408,0.292901554,3.814406372,0.754694075
B_1238,I_062,C_21,0.7755,20.8633,98.65526015,0.283235875,0.871830205,0.767887542,0.338319773,3.90941306,0.790479424
B_1862,I_059,C_08,0.4810,29.5315,81.44628566,0.44665053,0.710477336,0.394242271,0.238498742,4.529657404,0.942071446
B_1990,I_030,C_18,0.7083,24.4680,82.22196007,0.327875621,0.764582133,0.743959718,0.336845394,4.825451594,0.661774843
B_1477,I_062,C_13,0.6938,11.6343,82.20898332,0.349057457,1,0.617837506,0.392637896,4.46466243,0.816004002
B_1867,I_057,C_12,0.5973,29.8446,71.49614137,0.404290596,0.602491958,0.970615261,0.238364836,3.832543371,0.895549561
B_1456,I_036,C_04,0.3000,21.3635,75.5086877,0.7,0.516820889,0.604864745,0.379354333,4.156494062,0.541523151
B_0312,I_020,C_24,0.5365,14.7229,73.81332272,0.470672735,0.680614757,0.787219464,0.333607541,4.242524525,0.747962639
B_0963,I_063,C_07,0.6702,36.3449,74.26625477,0.343732149,0.907100097,0.753170032,0.336420646,4.21342689,0.775115159
B_0406,I_076,C_10,0.3746,26.1325,66.99716089,0.670744168,0.92288446,0.669866546,0.167477153,3.632703753,0.615119464
B_1331,I_062,C_10,0.5351,33.5258,79.34863224,0.493902271,0.867954499,0.646637856,0.212787262,3.60839462,0.496464946
B_1650,I_072,C_04,0.6409,34.6230,86.43331124,0.371034557,0.745012448,0.681535253,0.449252961,3.926420013,0.665076467
B_0310,I_093,C_22,0.7697,35.6526,89.2378548,0.187143675,0.780738279,0.766355626,0.398994368,4.455112563,0.56729399
B_0227,I_062,C_11,0.6428,25.7335,86.30444295,0.348367087,0.622092609,0.965382282,0.297094051,4.011069348,0.583526689
B_1858,I_012,C_17,0.5742,36.3365,70.86052996,0.471775499,0.520345241,0.537350924,0.368103981,4.586577456,0.641296994
B_0711,I_021,C_19,0.5432,25.3948,96.63935626,0.421788282,0.720580286,1,0.391613709,4.874980502,0.629920924
B_1944,I_087,C_24,0.9800,26.8248,83.89735634,0.087700457,0.999261404,0.801983324,0.329806178,4.100089695,0.914713459
B_1384,I_097,C_01,0.6673,22.9712,84.40757432,0.29329518,0.791821607,0.749193368,0.202949002,4.067868185,0.987794693
B_1786,I_092,C_23,0.5628,33.7986,82.38582007,0.444247641,0.832235623,0.80408564,0.275232998,3.807341922,0.853838818
B_0149,I_072,C_18,0.6222,29.1259,78.26776699,0.323028181,1,0.572161875,0.299488206,4.751283849,0.465246726
B_1555,I_024,C_10,0.5198,33.8154,74.21850394,0.584479852,0.657896226,0.820833775,0.168421431,4.516495182,0.784868122
B_1957,I_016,C_11,0.7402,24.0091,76.60463751,0.298808398,0.949245925,0.978179236,0.297862558,4.555278985,0.586726034
B_0926,I_017,C_02,0.6193,33.1797,83.15657069,0.356087909,0.672165395,0.488962508,0.270937605,4.534287527,0.866982083
B_0943,I_025,C_11,0.9800,25.9406,92.91530074,0.02,0.712424263,0.916970037,0.300606589,4.262791457,0.70700087
B_0837,I_090,C_04,0.6424,27.2693,82.91014846,0.372490022,0.788549493,0.723872501,0.319762664,3.959139772,0.794150971
B_0576,I_090,C_08,0.4997,28.3040,87.16568186,0.572642262,0.928471946,0.597909369,0.250745627,5,0.804559053
B_0558,I_055,C_11,0.7194,25.5941,72.06621604,0.189175973,1,0.577667418,0.173258424,4.009631613,0.684570545
B_1236,I_094,C_21,0.4202,30.5051,81.98009699,0.592207575,0.525846338,1,0.026167661,3.428809755,0.496147819
B_1361,I_005,C_24,0.9595,26.7333,82.46514972,0.092922875,0.89878989,0.863939712,0.228595276,4.446665627,0.772204434
B_1348,I_060,C_20,0.7543,31.4781,63.149974,0.279965973,0.718098621,0.531110479,0.297126491,4.323415963,0.694725159
B_1162,I_059,C_15,0.5460,24.3297,74.56903886,0.498808438,0.911029052,0.606806763,0.227251397,4.243582094,0.790448878
B_1443,I_008,C_01,0.7727,28.3038,66.99911703,0.175626466,0.631120105,0.968570898,0.140024663,4.005756792,0.805432841
B_0287,I_070,C_21,0.5916,24.7512,84.72530839,0.435688567,0.788558315,0.75373589,0.117885274,4.102379325,0.773665698
B_1605,I_019,C_11,0.3715,29.4665,80.70949754,0.572295081,0.716182123,0.715915539,0.307972811,3.701281748,0.793588561
B_1058,I_030,C_22,0.6827,31.7221,81.83005804,0.315816382,0.71715825,0.825109878,0.296493327,3.801062589,0.643205654
B_0599,I_064,C_04,0.5007,24.4797,95.23383146,0.444026683,0.688501459,0.663288624,0.315779984,3.910664487,0.509767791
B_0933,I_112,C_11,0.3045,18.0764,87.74777329,0.659214361,0.682467624,1,0.243716099,4.458679671,0.699675178
B_1462,I_011,C_07,0.5279,20.6367,91.60551511,0.509588848,0.630210935,0.771809316,0.479468111,4.21060387,0.62014906
B_1638,I_032,C_18,0.5874,14.7162,69.22603922,0.417645985,0.692775019,0.689282234,0.169965153,4.008301129,0.623251352
B_1588,I_096,C_17,0.6569,31.4011,91.39235403,0.340347623,0.881591943,0.966021658,0.236251906,4.087651163,0.639040607
B_1041,I_064,C_04,0.6753,37.3929,78.24287596,0.259081896,0.780185584,0.974581184,0.274978566,4.669150088,0.796070505
B_1231,I_070,C_17,0.4177,23.4903,69.64102558,0.588367733,0.657632912,1,0.172393542,4.697216436,0.485714293
B_0807,I_009,C_14,0.6290,28.2650,79.1004606,0.408214213,0.637948288,0.565803967,0.064196645,4.37525192,0.809424716
B_0905,I_076,C_25,0.4022,29.4262,63.64375873,0.636291382,0.607113451,0.829291966,0.158653056,4.341027244,0.672177183
B_1680,I_007,C_03,0.8097,40.0000,63.758774,0.126564116,1,0.645250538,0.131135863,4.560078851,0.764369709
B_1205,I_086,C_11,0.4595,24.6386,69.69179599,0.545457243,0.692118245,0.672384667,0.239502392,4.635706035,0.762952094
B_0768,I_069,C_08,0.6138,27.2795,81.55524412,0.498093659,0.865121971,0.777438348,0.12306469,4.571049983,0.783697058
B_0610,I_101,C_18,0.4602,18.9962,66.59295486,0.488204859,0.617700453,0.660946165,0.215417811,4.281834412,0.521182084
B_1993,I_084,C_01,0.6340,33.6567,82.03188986,0.377415893,0.774498812,0.856197819,0.259315411,4.790508723,0.695224875
B_1565,I_063,C_08,0.4583,23.9214,82.77640255,0.511653089,0.602629842,0.578025597,0.318891349,4.293096989,0.975745733
B_1423,I_033,C_21,0.8382,31.5517,82.51979962,0.20114208,0.758686595,0.844908191,0.150644469,4.130305657,0.816809638
B_1011,I_095,C_18,0.4081,22.6071,70.45570296,0.540685331,0.707902725,0.677008833,0.103004801,3.839964554,0.780082499
B_0494,I_042,C_14,0.4010,22.6814,83.29468818,0.593230757,0.598666533,0.672835731,0.222757859,4.611580499,0.611546782
B_1321,I_075,C_19,0.3000,24.3359,49.55179146,0.669560171,0.927235298,0.611252105,0.180211184,4.400601007,0.771617989
B_0278,I_096,C_12,0.5577,30.1198,62.81565549,0.431760873,0.813220493,0.669815188,0.219840897,4.562104456,0.927654845
B_1847,I_039,C_16,0.5029,31.6525,76.11752865,0.519991225,0.581200468,0.59692138,0.209761237,4.300657832,0.891477077
B_0359,I_048,C_12,0.6146,28.0408,83.94356064,0.424123042,0.746631279,0.758990505,0.183041225,4.397774546,0.806314281
B_1111,I_092,C_17,0.7022,22.3230,92.91322773,0.307728014,0.914138749,0.65662138,0.337553138,4.344497876,0.763388934
B_0237,I_070,C_06,0.4242,20.6730,74.77751581,0.548123823,0.710376107,0.657058413,0.064014215,4.403825066,0.777369299
B_0552,I_109,C_25,0.8018,22.3785,89.20289205,0.203754094,0.764611675,0.849584328,0.409255491,4.548292821,0.710952534
B_1868,I_055,C_22,0.4645,40.0000,53.42918372,0.480840912,0.679361012,0.563897606,0.320664933,4.204377866,0.684658461
B_1813,I_111,C_17,0.6295,21.1029,87.54754022,0.310027956,0.886754237,0.798769178,0.329556188,4.332734234,0.502743637
B_0209,I_042,C_02,0.6791,33.1684,79.57326362,0.390592853,0.679018237,0.578867084,0.22937987,4.172939908,0.660470427
B_1387,I_097,C_17,0.7305,28.6039,90.74871561,0.35694412,0.922119509,0.660193606,0.253051075,4.065646119,0.901411626
B_1561,I_088,C_22,0.6219,24.5388,62.4595216,0.37470156,0.508645901,1,0.276016546,3.658215142,0.706597444
B_0059,I_073,C_17,0.3615,26.1398,81.13382778,0.587090485,0.864191986,0.831453842,0.273660192,3.676863997,0.932846051
B_0632,I_033,C_18,0.4585,22.5917,76.71650992,0.621435147,0.851021867,1,0.410480412,3.618359001,0.517256292
B_1962,I_055,C_14,0.7399,31.7510,94.54962439,0.279903354,0.835944554,0.780672457,0.240919218,4.054951769,0.744485481
B_1860,I_101,C_24,0.5930,27.2663,76.62485735,0.40483493,0.764498833,0.79297622,0.220402366,3.838961401,0.755356969
B_1817,I_069,C_20,0.5145,22.2037,71.98740649,0.467300048,0.648287952,0.912493335,0.328123795,4.0041668,0.769940607
B_0364,I_054,C_15,0.7255,29.5626,87.33587718,0.269377557,0.906253702,0.906665709,0.299074853,3.245704102,0.907410101
B_0506,I_045,C_01,0.3000,21.5078,64.62577013,0.657565185,0.610382774,0.869805614,0.124340189,3.943757823,0.703870138
B_1166,I_003,C_19,0.6749,35.1460,94.73819122,0.247622559,0.864862398,0.695038533,0.440548572,4.933424887,0.683365536
B_1122,I_046,C_21,0.7416,27.8683,70.76858624,0.188951011,0.785206258,0.497543341,0.200925482,4.195349041,0.706957017
B_1630,I_074,C_06,0.4311,22.0673,71.13246257,0.508315489,0.671997374,0.714477426,0.17064382,4.515802885,0.528641379
B_1217,I_052,C_18,0.4629,27.1446,74.58588401,0.656239091,0.737624094,0.778897953,0.261427305,3.777911856,0.80192624
B_1152,I_014,C_24,0.6518,25.4277,83.9014443,0.265464227,0.827475651,0.979057245,0.361517547,3.522756397,0.943660088
B_1125,I_078,C_02,0.6489,30.9918,100,0.272668961,0.804925197,0.54473094,0.167863843,4.586662667,0.522286605
B_1595,I_062,C_01,0.6897,28.4425,81.89973161,0.30281854,0.893307823,0.940360403,0.024978024,4.895624436,0.63251833
B_0119,I_060,C_13,0.6027,19.3200,71.82968099,0.385577827,0.854358782,0.750818919,0.312373253,4.486964229,0.699336535
B_1250,I_101,C_25,0.7076,16.8945,77.49615366,0.226879563,0.975318046,0.846428281,0.317671643,4.112137663,0.784070933
B_1994,I_005,C_04,0.6839,33.7858,92.72548812,0.278726749,0.698059412,0.784325393,0.407978632,4.190701401,0.591830519
B_0523,I_086,C_15,0.6763,29.9356,78.67312226,0.32886441,0.601364007,0.920499101,0.124482739,3.466864336,0.607131413
B_0514,I_115,C_05,0.6544,25.3059,82.1918813,0.324337765,0.85624576,0.538551739,0.07741101,4.63649646,0.558342685
B_0082,I_036,C_09,0.4175,20.3574,72.34946937,0.528426797,0.582824452,0.613091136,0.239497382,3.842385489,0.676753768
B_0916,I_050,C_12,0.4191,20.5102,62.60659705,0.577715906,0.544487707,0.801172592,0.156079731,3.36730963,0.481501257
B_1019,I_050,C_19,0.3000,20.3631,69.70563903,0.692267123,0.647818513,0.82059072,0.258847254,3.903140594,0.622131894
B_0381,I_093,C_12,0.8028,26.2465,74.28120218,0.166872956,0.962429966,0.767678764,0.356147436,4.42481242,0.880644636
B_1030,I_047,C_19,0.5087,28.3557,81.42621137,0.481579709,0.753981414,0.903438083,0.392437392,3.594100625,0.7095529
B_1689,I_036,C_11,0.3000,24.9004,98.06839942,0.7,0.869175723,0.828355632,0.323685936,3.955341278,0.582510066
B_0085,I_004,C_02,0.3658,18.3836,88.93103394,0.66137112,0.844061245,0.712078737,0.096697,3.88002321,0.584179394
B_1678,I_048,C_02,0.7077,24.5488,61.79101211,0.311046313,0.823728658,0.459866975,0.309770919,4.499469979,0.825179082
B_0330,I_011,C_01,0.6886,30.7746,70.38598989,0.280112657,0.753332034,0.849507506,0.470959517,3.43342318,0.824637587
B_0007,I_061,C_16,0.4244,23.2658,62.635486,0.496283402,0.827900192,0.402526651,0.260978349,4.595249749,0.755612994
B_0746,I_089,C_22,0.4642,26.2362,72.92276367,0.576175483,0.836305107,0.656448028,0.256990314,4.378686969,0.764236414
B_1554,I_054,C_02,0.5762,27.2425,82.68926808,0.469897262,1,0.958541439,0.228805858,4.167504782,0.935621707
B_0915,I_060,C_16,0.6642,27.3185,61.75483335,0.432307558,0.84901928,0.982740885,0.364526169,3.865216325,0.630641344
B_0874,I_118,C_12,0.7735,37.8091,94.64330322,0.289762785,0.625735178,0.595066499,0.281707734,3.904684148,0.997114422
B_0452,I_046,C_16,0.5975,28.9868,72.90714152,0.360640752,0.814834174,0.618777914,0.249260247,4.274194246,0.477394244
B_0491,I_048,C_10,0.6781,30.5268,77.35449652,0.414369112,0.821965539,0.833548807,0.235037164,3.501896124,1
B_1481,I_111,C_20,0.6818,22.7610,71.26955595,0.355907236,0.843986381,0.862201717,0.155664732,4.213166407,0.523515131
B_0288,I_032,C_21,0.4265,19.7312,83.13312122,0.680603244,0.558574313,1,0.148467799,3.943553273,0.959813718
B_0949,I_109,C_12,0.6587,28.5825,70.37951019,0.274729428,0.698636535,0.607282708,0.131482737,4.066820046,0.581906575
B_1986,I_056,C_17,0.8182,40.0000,68.58866311,0.150383249,0.802717748,0.864480503,0.087497652,4.013054226,0.964466615
B_1369,I_042,C_19,0.4131,34.6739,67.01156498,0.609329476,0.933879426,0.602692311,0.299989443,4.004353085,1
B_1147,I_052,C_01,0.4419,23.8670,78.92157815,0.557276664,0.670448746,0.507069728,0.321402411,4.440201359,0.853201498
B_0706,I_075,C_15,0.3000,19.1796,71.33143745,0.7,0.420417343,0.886125988,0.13066123,3.571731976,0.343521737
B_1727,I_081,C_02,0.6161,25.5879,78.47915087,0.385337199,0.792491346,0.623394991,0.219003986,3.683525883,0.681090139
B_1702,I_087,C_21,0.7112,20.2665,75.35868606,0.29212028,0.437287071,0.865165802,0.173903944,4.965758228,0.81408931
B_1629,I_010,C_20,0.9800,40.0000,88.83940977,0.02,0.995706679,1,0.327139171,4.517895602,0.725642097
B_1600,I_045,C_07,0.3121,17.7255,60.20983872,0.7,0.806329181,0.776202026,0.280565208,3.406592703,0.650613965
B_1539,I_025,C_17,0.8680,31.6943,98.77339348,0.134889327,0.939127736,0.831716427,0.29214347,4.64491883,0.944645167
B_1406,I_116,C_09,0.5569,22.5639,100,0.462303814,0.886842315,0.487814518,0.254725986,4.477869767,0.778916315
B_1651,I_054,C_06,0.7702,29.6725,84.0083147,0.168839313,0.873675786,0.692534899,0.138261364,3.969166981,0.849946471
B_0328,I_104,C_02,0.4083,29.7671,74.62306516,0.59911716,0.688576785,0.858894849,0,4.239007228,0.722207637
B_0443,I_046,C_13,0.6868,30.0001,92.98056438,0.32083762,0.863911874,0.814346609,0.240579732,3.962999552,0.842987647
B_0775,I_053,C_24,0.5843,19.7861,78.80628276,0.440858429,0.818219963,0.598664521,0.283994312,3.90330888,0.770623575
B_1088,I_095,C_03,0.4687,21.5633,65.54995077,0.497482992,0.634555812,0.770166558,0.244333668,4.423432507,0.401925058
B_1221,I_059,C_21,0.5455,14.4493,72.46256336,0.522919839,0.516368872,1,0.144079513,4.600129407,0.703788339
B_1636,I_055,C_13,0.5845,32.2731,86.32069043,0.369049729,0.519400993,0.8187967,0.453236031,3.556669404,0.913289461
B_0178,I_009,C_20,0.8002,16.3888,87.20981662,0.259125578,0.584282671,0.580229846,0.236395126,4.080661322,0.86355552
B_1323,I_024,C_06,0.7512,31.8813,64.79053305,0.289334179,0.719448962,0.723665875,0.181250773,4.468450481,0.9536703
B_0705,I_109,C_19,0.8974,29.3308,100,0.126833079,0.913693975,0.823238461,0.155192749,4.728329185,0.8384256
B_0087,I_006,C_10,0.3438,22.8911,67.96380823,0.658477623,0.63548093,0.36476576,0.27051316,3.610115244,0.735752791
B_1884,I_070,C_04,0.3000,25.5218,78.42114897,0.7,0.857561782,0.776877159,0.266694122,3.826413547,0.722853839
B_1948,I_120,C_17,0.6065,24.1762,78.51347077,0.39978158,0.59730865,0.752458129,0.140422134,3.496467587,0.601610345
B_0458,I_116,C_02,0.8063,16.7538,72.78792158,0.278823329,0.564169541,0.636744525,0.23104209,3.848650738,0.753985259
B_1829,I_109,C_02,0.5851,32.8501,87.54951809,0.479915898,1,0.578525309,0,3.884731568,0.855911904
B_0055,I_101,C_17,0.5094,17.0834,75.83236919,0.447022372,0.512774424,0.780506027,0.189641499,3.950716241,0.805494835
B_1502,I_078,C_12,0.5670,37.5472,83.7759737,0.426428482,0.700177396,0.609302264,0.220123811,3.768339669,0.471349812
B_0644,I_019,C_21,0.3997,25.1936,81.13718077,0.660487784,0.755282726,0.710294587,0.140937219,4.077221837,0.651616417
B_0678,I_043,C_02,0.8173,28.6176,89.24485503,0.168303747,0.742068999,0.624240414,0.053385493,5,0.719405662
B_0222,I_075,C_02,0.3000,19.5779,60.82235753,0.691447125,0.557342982,0.659107608,0.061602907,4.047439808,0.725048747
B_0114,I_111,C_24,0.6586,20.4509,84.76852322,0.328046711,0.986359862,0.733249821,0.244435154,3.956053916,0.781127057
B_0983,I_005,C_04,0.8176,32.7682,78.2717281,0.252773026,0.871003114,0.74661964,0.310551601,4.444088449,0.820963967
B_1229,I_022,C_23,0.4871,29.6413,82.88122433,0.493652909,0.726343271,0.765457613,0.331472032,4.150454249,0.485767645
B_1000,I_051,C_21,0.8864,35.8275,95.24427338,0.14295653,0.760310534,0.907320786,0.141916427,4.145203895,0.581219136
B_0175,I_014,C_05,0.6296,28.7520,67.30193195,0.369990403,0.809639364,0.793590414,0.371860186,3.794955571,0.779890074
B_0782,I_042,C_19,0.6946,26.1338,76.35892005,0.281087152,0.85935994,0.794705185,0.400279637,4.044573612,0.753264849
B_0590,I_048,C_17,0.4968,26.7223,75.14511388,0.378464611,0.509993782,0.442797927,0.331788726,4.671301932,0.948562569
B_1560,I_117,C_07,0.5487,30.4257,71.77403733,0.493414257,0.885285041,0.860240803,0.178183584,4.703519208,0.551244029
B_0019,I_003,C_05,0.9219,32.4792,59.14241177,0.125120961,0.964950706,0.570224937,0.25420672,4.615152043,0.57871792
B_0424,I_030,C_17,0.7965,32.0453,80.20105063,0.168059493,0.761393789,0.670103983,0.51260775,4.685453747,0.729346027
B_1344,I_001,C_14,0.6038,25.9592,67.01995661,0.471357139,0.76792325,0.608313416,0.197442628,3.947521936,0.449460479
B_0286,I_032,C_22,0.5501,27.6353,68.39489286,0.431533991,1,0.735169119,0.336945097,3.985877106,0.512994705
B_1584,I_104,C_20,0.5616,24.2540,70.14134092,0.407023413,0.773762949,0.69880874,0.304626551,3.931947819,0.803556282
B_0429,I_097,C_02,0.6892,30.5972,68.66245933,0.307255782,0.944224317,1,0.166068395,4.182153419,0.626394765
B_1510,I_101,C_03,0.5569,26.4088,75.79015983,0.381594027,0.812148439,0.701428541,0.27790048,4.300414909,0.741561155
B_1319,I_017,C_11,0.6763,15.9223,93.42535738,0.326504403,0.69751766,0.674209754,0.141891863,3.942415674,0.720745514
B_0670,I_043,C_08,0.4656,32.1228,75.5936266,0.607685718,0.769757037,0.691554595,0.216810618,4.987310533,1
B_0032,I_076,C_20,0.4659,18.5758,66.80134785,0.557332745,0.669395477,0.404307408,0.215386996,4.321342746,0.605638941
B_0941,I_069,C_03,0.6820,14.7999,70.77499671,0.372087915,0.923361036,0.648571923,0.19879716,4.224663241,0.906652342
B_0723,I_082,C_10,0.7531,25.4344,68.94247618,0.276801191,0.832365249,0.97659714,0.244238303,4.45584236,0.597711296
B_0995,I_085,C_25,0.8092,29.8176,78.53106211,0.212226286,0.718016804,0.805922788,0.211821857,4.389788636,0.597304192
B_0215,I_028,C_13,0.4323,20.2105,72.48437939,0.488929679,0.705381263,0.79233231,0.323253072,4.208991379,0.437568623
B_0814,I_038,C_21,0.3429,26.2162,61.48269598,0.659441689,0.666455569,0.619690335,0.412355436,4.135202569,0.640282935
B_0327,I_082,C_01,0.6002,23.2290,76.96670791,0.416460356,0.874579132,0.867761689,0.251530048,4.54133383,0.698811884
B_0561,I_016,C_12,0.5851,25.6798,87.46985402,0.454443635,0.886856994,0.849467838,0.307196481,3.968107462,0.994090091
B_1113,I_061,C_09,0.4278,18.1473,82.65289646,0.612126443,0.686315218,0.716333977,0.200805889,4.364086957,0.418660869
B_0701,I_068,C_15,0.5216,22.0558,80.49598411,0.494686257,0.765130975,0.753831316,0.358964362,4.463297006,0.776312571
B_1579,I_118,C_24,0.7345,27.5381,78.53854843,0.195764616,0.817678307,0.769389495,0.299355239,4.031418644,1
B_1190,I_044,C_09,0.3000,18.3644,50.38481548,0.594208971,0.727201031,0.552424752,0.127372928,3.859205547,0.598280038
B_0342,I_090,C_18,0.8404,26.8200,83.07773383,0.151588278,0.755974508,0.768263544,0.389910988,4.16853015,0.7642915
B_0630,I_039,C_06,0.5187,24.8956,75.5540041,0.465798376,0.833628319,0.726294671,0.16347303,3.775243823,0.739902894
B_0148,I_073,C_07,0.5374,29.4307,69.41892778,0.417831949,0.58273238,0.396553089,0.221774572,4.345052997,0.648234036
B_1310,I_002,C_12,0.7216,31.2885,83.55914458,0.286059716,0.897401137,0.721706192,0.269453115,4.651857122,0.674741207
B_0361,I_003,C_08,0.7347,26.3794,66.96613214,0.280939672,0.690589119,0.673927796,0.320531876,4.592722102,0.625727728
B_0084,I_104,C_25,0.5476,20.7925,80.27849513,0.474319306,0.683966973,0.986214368,0.214091652,4.790616007,0.636568311
B_0049,I_051,C_06,0.9636,34.4099,75.18281347,0.039687856,0.934000661,1,0.255377652,5,0.738399892
B_0469,I_054,C_07,0.5809,31.7711,88.72520765,0.42890211,0.921789796,0.771054338,0.307889727,4.181031948,0.787749848
B_0156,I_062,C_02,0.7342,27.1296,78.80068513,0.302340424,1,0.631769685,0.264246444,3.685150373,0.672217944
B_0773,I_085,C_04,0.4468,26.0150,89.13172055,0.631004189,0.859950666,0.713820854,0.21244688,3.727915064,0.810525686
B_1240,I_094,C_14,0.6735,20.9301,64.15542537,0.245930329,0.747548802,0.806987457,0.08313224,4.832166714,1
B_1201,I_018,C_13,0.9800,26.9634,89.60720815,0.108950561,0.565888881,0.685111077,0.337973505,4.207541717,0.792944274
B_1403,I_072,C_14,0.7505,28.4427,86.71193853,0.239704899,0.696599202,0.855009209,0.297644266,4.687531161,0.740453944
B_1203,I_100,C_16,0.3561,29.3302,80.18130213,0.625539881,0.915807226,0.617986066,0.22490983,3.983740796,0.686618268
B_1631,I_083,C_12,0.5162,20.2982,48.34731744,0.460911621,0.725181821,0.602536283,0.164383536,3.381235741,0.809189031
B_0501,I_013,C_05,0.7863,30.8292,84.11670454,0.242287091,0.957254052,0.807764842,0.245914598,4.473416777,0.871122026
B_1765,I_087,C_01,0.6558,29.8326,81.05596075,0.203814724,0.814139242,0.567762567,0.213723906,4.154073614,0.877662704
B_0180,I_015,C_18,0.8709,39.5058,67.8989586,0.137670691,0.914804266,0.818750346,0.355267413,4.082871826,0.942383017
B_1048,I_079,C_20,0.6681,29.8869,75.1347078,0.348152983,0.813993636,0.836260513,0.2531467,4.753814184,0.645968188
B_1756,I_100,C_12,0.4074,28.2062,87.52075297,0.525539827,0.717262778,0.593369091,0.220697639,3.915693782,0.554772384
B_0951,I_119,C_17,0.7364,21.5031,75.43213556,0.31867415,0.937797895,0.640196164,0.259404127,4.365721233,0.586440967
B_1317,I_101,C_25,0.3000,24.3599,60.51414683,0.7,0.579301427,0.744810221,0.006434422,3.849636676,0.522898582
B_1620,I_063,C_23,0.5870,26.7836,74.55739,0.391288942,0.651665669,0.880975706,0.398188351,4.951064472,0.691100031
B_0529,I_022,C_02,0.5233,28.8564,72.50658027,0.464669654,0.780136041,0.624434368,0.272793187,4.806034278,0.697031509
B_0347,I_002,C_12,0.5538,30.6926,73.05770444,0.389187652,0.661673825,0.705958021,0.44675291,4.654819466,0.776229353
B_1388,I_111,C_15,0.4280,25.0285,93.8009657,0.473418257,1,0.753797333,0.250730925,4.419779777,0.844886161
B_1961,I_066,C_13,0.8247,32.6287,89.04403493,0.244795051,0.617383838,0.833720072,0.135551015,3.559243869,0.881823619
B_1051,I_063,C_06,0.5254,35.6648,78.22045436,0.524873565,0.576669737,0.708866283,0.197836266,4.228646495,0.467739357
B_1973,I_099,C_12,0.7730,31.3560,86.72060033,0.245507922,0.697552734,0.842640793,0.347461895,4.728350439,0.689298577
B_1442,I_029,C_03,0.3937,23.7371,95.47345138,0.635149107,0.8151263,0.926965768,0.318394761,4.738891168,0.901745607
B_0602,I_022,C_19,0.3748,17.3552,66.31687946,0.582444608,0.962774506,0.721998245,0.243771188,3.594051278,0.534081386
B_1282,I_068,C_16,0.5879,17.4226,78.80440231,0.396570815,0.750895312,0.442002097,0.178148364,4.303522382,0.606000838
B_0244,I_051,C_15,0.7861,24.4988,98.1280713,0.224653771,0.648542107,0.713850149,0.168120682,3.818582751,0.580694332
B_1337,I_120,C_21,0.6555,27.6621,78.570175,0.368815926,0.641661581,0.838172086,0.084861092,3.888055437,0.654890736
B_1068,I_017,C_06,0.6236,18.8581,82.72937232,0.452892336,0.961687741,0.747882668,0.121260638,4.11048195,0.812020154
B_1476,I_104,C_09,0.5612,23.9560,81.25622319,0.522089666,0.882385112,0.522258604,0.324635155,4.37629796,0.765667825
B_0313,I_059,C_09,0.3000,24.1655,61.50617282,0.621852911,0.893779322,0.92236965,0.252660274,4.223605424,0.548676279
B_0436,I_064,C_07,0.4477,27.7480,72.56275516,0.493635328,0.718694455,0.416522844,0.221221745,5,0.888398366
B_1899,I_016,C_01,0.5638,24.1097,71.30236166,0.507150257,0.727036635,0.911175494,0.176287718,3.722543408,0.661555415
B_1329,I_049,C_04,0.5905,36.7071,87.64168617,0.27975656,0.99196418,0.474900918,0.258341598,3.988639608,0.965937574
B_0309,I_080,C_11,0.5733,22.4299,94.08434936,0.381791392,0.91825883,0.861220016,0.051239935,4.108436857,0.617404133
B_0431,I_061,C_02,0.4441,22.8338,78.88301164,0.58381601,0.897039467,0.602001859,0.141841341,3.911473428,0.844606898
B_0661,I_084,C_08,0.6002,27.9456,81.22844833,0.396522309,0.967202697,0.602317026,0.276440567,4.576962221,1
B_0371,I_072,C_22,0.5214,36.5584,69.69751397,0.533747743,0.511319182,0.728004515,0.177031479,4.388281123,0.718105855
B_0567,I_017,C_16,0.5708,20.3993,69.30708856,0.406362909,0.996299737,0.882928653,0.340852655,4.615852766,0.86413806
B_0980,I_081,C_25,0.6202,23.8975,62.83086443,0.446223061,0.674771082,0.631921839,0.119863911,4.312715043,0.85758958
B_0182,I_042,C_17,0.6019,28.3873,89.4909067,0.41462403,0.709427588,0.748069904,0.284011832,4.046541938,0.744574501
B_1363,I_078,C_02,0.7253,31.1086,68.69601337,0.287707953,1,0.664364991,0.390600393,3.483933815,0.726463384
B_0622,I_116,C_11,0.4986,25.1627,87.92691606,0.562804765,0.806525691,0.429954901,0.331799424,2.976534221,0.6412603
B_0819,I_065,C_07,0.6359,22.3883,79.72271894,0.321748461,0.698890839,0.712096527,0.282435607,4.260346387,0.727604159
B_1193,I_013,C_18,0.6555,27.3765,88.2365915,0.303735975,0.699148372,0.463341441,0.363521597,3.764703089,0.83895702
B_0953,I_033,C_06,0.5560,28.3914,72.53019848,0.448479244,0.98216298,0.73193335,0.37315014,4.654731469,0.885294653
B_1422,I_055,C_19,0.5133,29.2999,70.21561509,0.502058412,0.809550912,0.780587337,0.311811331,4.154630109,0.790644257
B_1841,I_089,C_11,0.5611,15.8682,83.80531851,0.356207668,0.722807377,0.639861415,0.150639165,4.132549414,0.856075921
B_0923,I_027,C_23,0.7209,16.5662,76.05337408,0.289821137,0.9397727,0.766222252,0.209756235,4.564713799,0.783842057
B_1074,I_034,C_07,0.8275,31.3136,100,0.147185151,0.635067112,0.817885196,0.204023992,4.247843946,0.885304353
B_0297,I_069,C_18,0.4520,24.0035,82.19090611,0.474329591,0.816678464,0.825680389,0.128458527,4.134559549,0.840642151
B_0967,I_027,C_15,0.6424,24.5674,62.6153891,0.290743278,0.509049783,0.940204708,0.297780578,4.320892152,0.516794446
B_0462,I_087,C_06,0.7763,23.4368,100,0.265480989,1,0.945753917,0.23869053,4.461436092,0.569188661
B_1303,I_050,C_13,0.4130,18.3587,67.80077438,0.604087559,0.67125525,0.293795543,0.358966797,3.953143808,0.646101171
B_1177,I_015,C_08,0.8746,39.3083,65.63922279,0.12189757,0.804336217,1,0.410823352,4.593026548,0.737494717
B_0378,I_089,C_22,0.4490,28.9853,79.3697234,0.56271494,0.628505712,0.702445272,0.188333148,3.919015399,0.866459081
B_0799,I_108,C_16,0.7057,30.1451,82.03804849,0.284286903,0.602439181,0.731193044,0.27708147,3.651747167,0.896327007
B_1103,I_032,C_20,0.5259,20.5420,79.51327531,0.46541854,0.6910833,0.737816258,0.154066281,4.113612631,0.727146059
B_0106,I_078,C_05,0.6695,23.1615,82.98723216,0.309196493,0.476400951,0.741118826,0.237316646,3.439164861,0.594182497
B_0127,I_071,C_16,0.7340,27.1707,66.07056034,0.202423795,0.442874442,0.533519872,0.283396888,3.724009947,1
B_1996,I_094,C_05,0.5739,24.0534,45.15065089,0.424203667,1,0.835769452,0.256092884,5,0.781706998
B_0839,I_039,C_09,0.4205,22.9131,76.45734936,0.616936548,0.404953718,0.768105681,0.203188715,4.745457074,0.626940265
B_0356,I_105,C_07,0.8890,40.0000,87.33997589,0.134061924,0.863137977,0.71761424,0.432221055,4.568976526,0.638728766
B_1617,I_094,C_05,0.5985,25.6800,82.77750952,0.437367031,0.695679805,0.855010046,0.095423456,4.121286988,0.685658725
B_0683,I_095,C_04,0.5607,22.9094,84.64221256,0.413140959,0.638136982,0.681115448,0.237087137,4.409863542,0.569820008
B_0813,I_037,C_07,0.9800,31.7102,83.9637188,0.048991778,0.982754559,0.751855999,0.347995044,4.5393451,0.880459165
B_1681,I_074,C_09,0.3973,28.3739,84.98262996,0.617862403,0.918348929,0.648331632,0.131086921,4.859186255,0.409057571
B_0210,I_045,C_14,0.4160,26.4675,66.03532177,0.565116757,0.669803431,0.94274741,0.048454355,3.941668912,0.495459124
B_1493,I_072,C_24,0.6124,31.1085,87.53660841,0.332448101,0.924059532,1,0.124879638,3.560461041,0.692960067
B_0141,I_033,C_25,0.6532,24.0811,67.40819324,0.313231565,0.710013272,0.927231581,0.239889468,4.282315812,0.690372957
B_1975,I_046,C_01,0.4342,24.4901,71.67790487,0.548674916,0.940253511,0.62708362,0.293267879,3.486764761,0.7049781
B_1340,I_034,C_07,0.8363,26.0606,86.67526367,0.194188776,0.663799148,0.681149759,0.145449959,5,0.58604713
B_1798,I_026,C_13,0.5669,24.9628,78.02098205,0.436136599,0.568752479,0.859008337,0.429973743,4.183793336,0.828920636
B_1575,I_084,C_14,0.7369,35.1158,79.15099072,0.277523582,0.734410476,0.693172199,0.252783449,4.378636004,0.836559541
B_1182,I_028,C_15,0.6329,26.2146,82.08758278,0.420830114,0.688864601,0.942808965,0.275983595,3.923799379,0.60669734
B_1394,I_104,C_17,0.6389,14.4288,73.27188669,0.368541568,0.848407613,0.777354407,0.148259106,3.831287762,0.645340736
B_1816,I_022,C_24,0.6126,26.5900,79.0070233,0.426162143,0.633747322,0.410146875,0.247174787,3.933277757,0.792346379
B_0712,I_036,C_02,0.3713,21.6630,73.22594004,0.650237155,0.708640199,0.840322721,0.23076994,3.482250431,0.537486042
B_1794,I_051,C_10,0.8558,39.9721,77.33734301,0.116329213,0.793500697,0.496479619,0.281296643,4.604364357,0.46091334
B_0893,I_118,C_16,0.9690,31.4865,100,0.045541906,0.68543656,0.994533721,0.225848103,4.687238823,1
B_0860,I_056,C_22,0.7816,35.6449,89.62556127,0.240029075,0.816387727,0.864460498,0.237734575,4.556138743,0.70585961
B_0011,I_087,C_15,0.9676,31.1095,82.57100041,0.02,0.96124793,0.965693187,0.371779537,4.273468049,0.710568318
B_1695,I_047,C_21,0.6659,23.1572,75.73659373,0.268319901,0.947224036,0.714948753,0.215759992,3.922233926,0.451808037
B_1428,I_005,C_19,0.8841,37.5655,89.50900373,0.084775526,1,0.690802863,0.364423091,4.277386848,0.730365144
B_0283,I_053,C_16,0.3898,22.4409,73.22651611,0.622141541,0.5857422,0.911412971,0.306384292,3.95314089,0.611058589
B_0811,I_005,C_02,0.8715,35.6690,85.78293266,0.055112481,0.632356526,0.903621209,0.32882323,4.132267086,0.597307036
B_1342,I_099,C_10,0.6182,23.0687,92.43893085,0.356691539,1,0.860533791,0.229066108,4.57136471,1
B_0292,I_075,C_11,0.3000,21.6091,71.73387401,0.7,0.910024661,0.384442108,0.145567467,3.879079781,0.61140013
B_0755,I_105,C_13,0.8374,33.3176,82.6452164,0.169787466,0.697168722,0.984840163,0.316125844,4.506598196,0.892713732
B_0627,I_090,C_04,0.7899,31.6294,90.30345747,0.204014405,0.874369225,1,0.245889906,4.27335732,0.653404369
B_0944,I_066,C_15,0.7969,20.0314,82.14531914,0.198524931,0.69354878,0.915338388,0.328443123,4.041995156,0.460301962
B_0862,I_038,C_02,0.4521,24.5667,61.52676167,0.556500299,0.838512817,0.707462183,0.315173825,4.50025655,0.616245695
B_0130,I_001,C_11,0.4366,20.2427,67.56181646,0.614766982,0.929082581,0.406698777,0.135208861,4.285016224,0.455528649
B_1176,I_115,C_17,0.6227,28.7335,64.69958218,0.371680056,0.847593253,0.700519532,0.357299354,3.484779963,0.760282266
B_0324,I_033,C_10,0.5806,23.9479,75.71311793,0.417856789,0.742015513,1,0.253858663,3.924253422,0.843757029
B_1091,I_016,C_21,0.7207,24.0831,69.98844894,0.368750791,0.562706606,0.885451547,0.220601625,3.907849102,0.642012352
B_0844,I_092,C_07,0.7629,25.6069,60.00852927,0.267186263,0.465749045,0.687650032,0.285400674,4.164137951,0.712923427
B_0964,I_089,C_20,0.3218,11.1274,66.27962655,0.7,0.703629733,0.627011844,0.231354418,4.011730165,0.753338987
B_1865,I_017,C_15,0.6989,30.3063,83.54606546,0.247303079,0.870346165,0.823090779,0.198437367,4.009300834,0.734876316
B_0866,I_044,C_06,0.4400,18.7032,67.74178438,0.468521715,0.695202493,0.727911765,0.12928893,3.624532806,0.673356096
B_0922,I_064,C_01,0.5933,27.3123,73.760522,0.342242734,0.981276796,0.767301125,0.319143786,4.167396101,0.609118687
B_0696,I_090,C_11,0.7696,25.4607,82.5822203,0.230149203,1,0.649079337,0.312884441,4.007718494,0.81514096
B_0216,I_028,C_09,0.5091,25.8304,62.07697415,0.552042223,0.911359703,0.758547128,0.263728582,3.556932403,0.815504039
B_1781,I_010,C_25,0.9699,34.9161,93.21601966,0.022833363,1,0.729461596,0.295734314,4.245696194,0.837188214
B_1262,I_118,C_24,0.8172,40.0000,100,0.197580935,0.531282292,0.477342768,0.239633093,4.815662023,0.989826718
B_0159,I_099,C_17,0.7564,24.4809,81.0514902,0.250771536,0.693221901,0.73140333,0.246581872,4.064919667,0.76138298
B_1059,I_119,C_14,0.6515,27.7974,89.50423883,0.324615167,0.892647326,0.820043763,0.191764851,4.683498337,0.599577448
B_0989,I_053,C_14,0.4966,30.4630,66.29925574,0.461275216,0.780142226,0.690409531,0.106143454,4.076479496,0.610145932
B_0842,I_013,C_06,0.6697,22.2923,92.23953583,0.342435148,0.674781189,0.69335581,0.391387824,4.531189015,0.895288547
B_0635,I_023,C_23,0.4730,23.3402,56.94393158,0.476428241,0.888773673,0.581412713,0.141162383,4.286986289,0.880678141
B_0517,I_092,C_17,0.6126,23.1574,74.82997738,0.400906482,0.672589572,0.673938948,0.258130588,4.092655226,1
B_1429,I_074,C_05,0.5194,24.9567,48.2430242,0.481387779,0.744216854,0.753763824,0.143723288,4.336869333,0.771490924
B_1748,I_098,C_03,0.6259,30.0564,53.32717205,0.357828088,0.584246873,0.923696352,0.197126183,3.43020338,0.735028142
B_0598,I_103,C_14,0.9318,33.2882,72.26100106,0.078966668,0.7050471,0.789978847,0.27060533,4.030417006,0.759176938
B_0196,I_109,C_04,0.6811,36.3981,91.78169743,0.409890225,0.762562585,0.749080011,0.434865997,4.384061395,0.809054877
B_1784,I_026,C_14,0.6910,27.5681,71.74788902,0.342385968,0.559097928,1,0.386814881,4.027311159,0.804970813
B_0870,I_061,C_23,0.5618,30.2331,75.89323161,0.464712456,0.747583976,0.526364087,0.111959676,3.974721542,0.836489009
B_0411,I_022,C_01,0.5594,28.7261,75.08749982,0.411476044,0.764590152,0.921669642,0.287536883,4.39036502,0.65954973
B_0097,I_034,C_06,0.5503,35.4872,99.14069139,0.434044412,0.655564531,0.665038723,0.114323915,4.976410715,0.525338197
B_1001,I_045,C_02,0.3294,18.6206,74.09441046,0.509725766,0.734977246,0.651767571,0.462001103,4.163226209,0.874001791
B_1506,I_011,C_05,0.5469,29.2836,68.64721878,0.462946404,0.559268006,0.755856733,0.168321685,4.096548524,0.90870833
B_0157,I_088,C_13,0.5044,21.5605,77.34518183,0.460934645,0.851312952,0.722717575,0.287851339,3.593280791,0.594753543
B_0420,I_027,C_12,0.5959,33.0770,80.24700143,0.39123972,0.649478155,0.81484714,0.210704244,4.889615457,0.63362557
B_1803,I_011,C_25,0.4649,28.8681,76.65961273,0.6099891,0.69634233,0.971899735,0.308138535,4.511385021,0.959347223
B_0478,I_086,C_02,0.5961,25.8495,68.77925473,0.350237747,0.797160411,0.932442251,0.299549605,3.687525845,0.668180737
B_1856,I_102,C_04,0.8133,25.7371,96.98274673,0.326163551,0.715287751,0.815262478,0.187411836,4.120182376,1
B_0669,I_051,C_21,0.9346,38.7236,74.54180315,0.064095483,0.543787855,0.693318731,0.336818826,4.191320721,0.656051286
B_1418,I_057,C_13,0.7097,27.8819,76.8823776,0.180074581,1,0.810640064,0.366175247,4.013900221,0.639905465
B_1872,I_062,C_15,0.6254,22.8223,77.49347098,0.317081425,0.527709046,0.46409388,0.289926907,4.57062973,0.572645824
B_1300,I_003,C_02,0.8404,27.8118,72.59325941,0.15608016,1,0.740907219,0.284700903,4.457640476,0.963438956
B_0448,I_037,C_01,0.9631,31.2235,84.05867083,0.074772732,0.859302124,0.626968913,0.30389445,4.293963349,0.844055737
B_0554,I_116,C_25,0.5146,27.0209,70.16504815,0.543802343,0.90881673,0.560306689,0.320164675,4.072552043,0.535811851
B_0179,I_079,C_04,0.8185,25.3573,71.18727585,0.158847117,0.595286289,0.745973942,0.3606462,4.353156337,0.796854508
B_0391,I_100,C_08,0.3982,22.6862,78.45723646,0.575817743,0.679618952,1,0.033017156,4.348183881,0.59661557
B_0579,I_023,C_15,0.5717,30.4429,89.78039754,0.42967801,0.731999951,0.950275911,0.159501122,4.070981658,0.747310713
B_1478,I_082,C_04,0.6088,35.4801,76.25956516,0.370047408,0.986233305,0.831729325,0.378971219,4.291536122,0.745819909
B_1707,I_037,C_20,0.9057,35.2375,74.73939167,0.08795648,0.95751913,0.843402123,0.25703915,4.47214947,0.910570987
B_1288,I_012,C_01,0.6034,29.0718,89.74291757,0.407478349,0.719972457,0.91369541,0.276805007,4.112499727,0.752012933
B_1645,I_119,C_08,0.4702,24.1292,92.29630489,0.552190901,1,0.988009027,0.194596421,4.488629646,0.735171491
B_1024,I_005,C_11,0.9750,29.9571,76.52332156,0.043905855,0.688744429,0.814520609,0.223260153,4.060081169,0.836075007
B_0821,I_116,C_17,0.5482,17.8943,78.49700999,0.441569184,0.927686231,0.834747653,0.314614278,4.015244073,0.682827604
B_1825,I_116,C_09,0.6982,29.6286,79.93165414,0.323677373,0.922381966,0.622002485,0.212232086,4.64514921,0.6911047
B_0985,I_003,C_01,0.6685,29.1529,84.15006262,0.28680447,1,0.813818187,0.204745045,4.078889066,1
B_1339,I_009,C_08,0.7742,22.6760,73.66316868,0.242811097,0.814397079,0.733378933,0.333790737,4.371451615,0.696043801
B_0665,I_035,C_02,0.6603,19.9906,75.51413119,0.284318417,0.779462772,0.667283876,0.195791679,3.685755575,0.699809729
B_0143,I_106,C_23,0.8037,25.4759,68.45587315,0.148172396,0.874207913,0.903193147,0.225073295,3.772238862,0.48191462
B_1517,I_057,C_25,0.5937,23.8214,81.3577782,0.30844982,0.740361079,0.690044492,0.207540503,3.84180634,0.851134505
B_1430,I_097,C_05,0.4944,27.0321,73.93087116,0.509527074,0.801066131,0.80395409,0.339707732,4.960975432,0.550368642
B_0865,I_058,C_02,0.5194,31.8990,78.0923922,0.529650655,0.749233459,0.762458373,0.345153364,4.591327665,1
B_0422,I_098,C_24,0.4213,20.6639,51.28825087,0.574513919,0.896358836,0.710353918,0.36349113,4.020489235,0.684009883
B_0637,I_118,C_13,0.8407,26.7490,85.34924505,0.123110017,0.909428331,0.842219928,0.221887303,4.613578095,0.954060419
B_1407,I_015,C_16,0.7353,40.0000,70.92728272,0.316032986,0.921461724,0.959958713,0.322530964,4.273524582,0.829133244
B_0800,I_017,C_05,0.6775,28.6384,72.80225034,0.263348932,0.53552517,0.812834033,0.231572292,4.446179727,0.819108258
B_1404,I_042,C_11,0.5304,23.4431,78.87963557,0.542871257,0.667078427,0.762649636,0.295143594,4.274245086,1
B_0616,I_069,C_16,0.7273,23.3035,81.6593817,0.299733943,0.692973995,0.801185214,0.135755727,4.305313175,0.794387913
B_0295,I_038,C_08,0.5352,21.1762,63.8163491,0.497437154,0.792551805,0.6558619,0.103043544,4.091514073,0.43935504
B_0924,I_118,C_18,0.7571,31.0092,100,0.30410573,0.829853642,0.862936304,0.204391043,4.775085999,0.642403782
B_1269,I_057,C_24,0.7647,26.7857,84.09377558,0.226989573,0.829472018,0.667334449,0.036979962,4.071531718,0.443698456
B_1903,I_026,C_06,0.7438,26.0684,75.85671585,0.254762932,1,0.625488648,0.263574592,3.997904298,1
B_0089,I_106,C_15,0.4699,26.5546,84.20209103,0.469010545,0.55057148,1,0.144549635,3.761540602,0.48260599
B_0042,I_060,C_11,0.6526,24.8231,75.26935712,0.335722556,0.950371193,0.588972297,0.297936468,4.140378695,1
B_1802,I_040,C_23,0.5060,25.7322,83.68557031,0.489757694,0.647329094,0.667462919,0.259032388,4.088093039,0.500697781
B_1934,I_108,C_01,0.6531,22.8853,86.30990348,0.361085362,0.707310386,1,0.315284905,4.091783142,0.766640376
B_0132,I_008,C_25,0.5836,29.3687,72.99969988,0.376721645,1,0.719519096,0.217973023,4.045650526,0.760799791
B_1002,I_077,C_04,0.7034,32.7412,72.99935019,0.309261033,0.507063271,0.906802997,0.290816284,3.612241673,0.853765673
B_1158,I_002,C_14,0.7626,28.8835,70.3667081,0.270226671,0.89075464,0.832305446,0.184065263,4.131338192,0.786538837
B_1095,I_004,C_04,0.4145,26.0302,62.70441641,0.643804065,0.699887888,0.929739185,0.10890645,4.086131939,0.822572008
B_1855,I_094,C_09,0.5956,31.9856,67.08023204,0.447912335,0.634990099,0.62161608,0.258385702,3.944230053,0.722858352
B_1345,I_040,C_04,0.4770,25.5442,67.64248146,0.4921569,0.918424743,0.70180431,0.219325134,4.644161882,0.967519218
B_1499,I_118,C_07,0.8501,38.7295,90.43832848,0.162760046,0.768512303,0.621848192,0.445177813,4.993364565,0.626465967
B_0165,I_065,C_13,0.4911,29.7352,88.79443829,0.575107353,0.899544409,0.449092162,0.205931963,4.021475417,0.786271922
B_0725,I_103,C_18,0.8044,31.3855,100,0.205768872,0.793833241,0.665645424,0.470055626,4.110258955,0.761168814
B_0291,I_055,C_08,0.7087,31.7240,92.15196749,0.251789158,0.861393838,0.594920616,0.172695305,4.068313648,0.696001502
B_1209,I_040,C_08,0.5512,30.8402,86.94315656,0.426942801,0.70322049,0.909139937,0.376236062,3.524994549,0.590517501
B_1589,I_013,C_02,0.7726,27.4341,88.35158236,0.291342496,0.808093434,0.854208028,0.31112047,4.064996596,0.814138708
B_1897,I_032,C_23,0.3356,27.4502,87.28709849,0.631642057,0.788180067,0.825640587,0.355344629,3.760998707,0.554972401
B_1642,I_008,C_01,0.6594,27.0267,61.56296747,0.310451123,0.847384456,0.661684736,0.259356698,4.321478094,0.98003341
B_1362,I_083,C_24,0.3344,22.2829,87.10290867,0.7,0.915898113,0.398416497,0.283505682,4.246182267,0.587503408
B_0779,I_039,C_10,0.6116,19.3849,71.85160676,0.330399987,0.749998452,0.593638464,0.324624707,4.643660797,0.595867664
B_0840,I_067,C_08,0.4174,17.8879,77.45677372,0.595907098,0.685773087,0.885566406,0.255973059,3.735264749,0.264406661
B_0349,I_048,C_08,0.5869,21.8970,88.92064717,0.491894147,0.916741983,0.974701045,0.252843483,4.317264141,1
B_1945,I_108,C_05,0.5484,30.3078,86.71920467,0.389116011,0.746947942,0.710351211,0.303544927,3.947254996,0.709003579
B_0572,I_058,C_18,0.8148,25.9160,89.26125727,0.086975399,0.676452049,0.788186628,0.246764986,4.614310035,0.961499759
B_0918,I_092,C_20,0.7647,29.1027,70.58966502,0.182937708,1,1,0.158484547,4.078244177,0.587185105
B_0977,I_055,C_10,0.5732,27.5277,70.18088692,0.338962599,1,0.603810555,0.222045069,4.33890696,1
B_1914,I_072,C_25,0.5764,28.5501,84.14612847,0.38459521,0.594495444,0.50463074,0.132165412,3.785967814,0.670658188
B_1469,I_047,C_16,0.5956,24.8675,78.66425989,0.408803079,0.725865709,0.661700087,0.225213304,3.671607634,0.548213888
B_1592,I_051,C_03,0.8023,34.0384,70.85254994,0.201209627,0.773504418,0.557476663,0.516729377,5,0.867118138
B_1318,I_073,C_20,0.3883,20.9109,65.20807779,0.547446495,0.564845597,0.72587456,0.055609701,4.403105969,0.792644522
B_1845,I_042,C_21,0.5920,20.1951,65.48848214,0.430711075,0.67109677,0.583449059,0.136335093,4.480668624,1
B_0137,I_081,C_07,0.6621,29.7496,79.67842721,0.247275803,1,0.582504735,0.272310495,4.206748829,0.528480766
B_0459,I_063,C_23,0.6685,20.6806,77.70706905,0.385440013,0.800194294,0.89421401,0.121025814,4.563101418,0.858904688
B_0376,I_099,C_11,0.3560,24.5702,83.57954302,0.621708658,0.699564011,0.847732783,0.212799449,4.643252076,0.751705998
B_1343,I_035,C_06,0.4368,10.8366,73.16901427,0.587733623,0.76408816,0.941133938,0.395805248,4.34541364,0.551899255
B_0334,I_050,C_13,0.3062,25.7577,63.32481806,0.7,0.450413466,0.617255645,0.061263071,4.294605772,1
B_1160,I_026,C_11,0.7770,25.2213,79.36290497,0.316395755,0.649035875,0.760254501,0.135649387,4.601334304,0.438657315
B_1761,I_037,C_13,0.9800,25.0043,100,0.105289672,0.944180469,0.669240453,0.174947017,4.721568315,0.91694231
B_1458,I_043,C_24,0.7092,32.0897,77.5027835,0.394664389,0.503812472,0.852153179,0.253390493,4.360443277,0.703944906
B_0817,I_112,C_10,0.5337,17.9539,82.22721837,0.47857895,0.927707444,0.441676466,0.08536438,4.174633779,0.729929281
B_1115,I_021,C_01,0.5680,23.8603,66.74578812,0.416592963,0.786079992,0.821391388,0.354756439,4.828069579,1
B_1006,I_113,C_13,0.3031,25.0047,63.94785127,0.7,0.731362153,0.660694952,0.147031532,4.484893465,0.625970226
B_1857,I_098,C_03,0.5934,32.8395,68.13075513,0.426045741,0.798824507,1,0.278129351,3.651913427,0.466916444
B_1955,I_082,C_07,0.4231,36.2829,81.6207762,0.56209285,0.897322863,0.635194358,0.142850098,4.180229477,0.639472607
B_1851,I_101,C_12,0.6081,25.6498,79.047411,0.331058447,0.974782161,0.706111189,0.165878268,4.66821699,0.510210151
B_0911,I_036,C_08,0.3007,19.4352,70.41940689,0.690756091,0.687107993,0.511904775,0.142285132,3.181010828,0.780177872
B_1930,I_014,C_17,0.7626,27.5526,65.86788119,0.198742889,0.975573034,0.812020707,0.24772228,4.935451356,0.737465355
B_1126,I_090,C_08,0.6463,30.4276,71.70696325,0.326461948,0.837663672,0.859754813,0.363898167,4.609265337,0.866911884
B_0329,I_001,C_01,0.6504,30.3813,85.38707053,0.34511958,0.699440058,0.650831286,0.25105584,4.282333486,0.630173616
B_1248,I_031,C_22,0.5590,27.6212,86.04909362,0.352989586,0.938439234,0.712101393,0.356939721,4.668433061,0.543651496
B_0319,I_020,C_16,0.5196,28.6634,62.05792887,0.492999319,0.966649619,0.711836721,0.227666771,3.815915466,0.668795224
B_1690,I_029,C_02,0.6312,23.4034,80.62348575,0.392604698,0.67312715,0.787626633,0.248634907,4.112404396,0.756014952
B_1359,I_085,C_20,0.6003,35.2144,72.07606993,0.334427704,0.860462733,0.732145656,0.367211961,4.542956686,0.75921227
B_1733,I_040,C_07,0.6129,30.1855,100,0.332938679,0.799481589,0.859586862,0.346900123,3.954865296,0.505562202
B_0168,I_047,C_06,0.5529,25.4525,74.01548578,0.53789196,0.591565272,0.553158344,0.250953751,4.267219085,0.806083684
B_0013,I_075,C_15,0.3000,14.9571,79.9860463,0.7,0.664144037,0.765804631,0.182197919,3.2646662,0.803020194
B_1927,I_106,C_06,0.6678,27.2496,75.64662979,0.323560648,0.745257,1,0.192990222,4.715083073,0.826075089
B_0172,I_005,C_09,0.7385,32.6101,93.04142855,0.234517338,0.895081444,0.983248694,0.205983715,4.252468478,0.794441285
B_0650,I_109,C_21,0.6794,32.8050,85.8335538,0.220244282,1,1,0.325838099,4.317075218,1
B_1062,I_081,C_22,0.6393,32.9842,81.25973996,0.36642092,0.766412519,0.603781362,0.330463321,3.855162685,0.620438705
B_0261,I_012,C_15,0.6662,27.3740,100,0.366240321,0.790042948,0.830614546,0.185557238,4.303410023,0.74179339
B_1367,I_089,C_17,0.5090,27.1796,79.68390983,0.470370948,0.725468462,0.903654448,0.414716202,4.480281806,0.60835345
B_1549,I_017,C_05,0.8444,36.9723,98.09249256,0.143181504,0.962828384,0.692232184,0.139392284,4.604940665,0.704754544
B_0902,I_016,C_24,0.6703,25.3383,89.52652228,0.320646004,0.836142194,0.784695886,0.27844907,4.439151006,0.700877964
B_0673,I_067,C_06,0.4715,18.6549,93.30178684,0.557827222,0.851594591,0.589940741,0.318910868,4.240939711,0.541762517
B_0259,I_058,C_21,0.8299,28.9225,79.35685824,0.239339099,0.919922158,0.579695084,0.174308094,4.543456897,0.675186615
B_0845,I_058,C_04,0.7661,31.5767,100,0.186091802,0.838306229,1,0.258286684,3.913015235,0.862160952
B_0868,I_032,C_03,0.6749,19.6441,61.46819326,0.416443439,0.896422091,0.564917243,0.207246362,4.34033716,0.551322015
B_1800,I_021,C_14,0.6081,30.7098,76.77879505,0.388054929,0.881737444,0.675451196,0.290579969,4.075836712,1
B_0139,I_035,C_11,0.5059,20.9992,93.16928584,0.56105573,0.67808994,0.849203372,0.224797877,4.172046539,0.49765414
B_0894,I_003,C_13,0.7140,26.8878,83.61624269,0.220563829,0.66278192,0.743737307,0.401642527,5,0.902128707
B_1838,I_040,C_16,0.5907,24.4735,92.3369608,0.384351443,0.843420427,0.852863437,0.351484083,4.872609809,0.756304411
B_0550,I_068,C_11,0.4085,21.1479,69.09997522,0.610802278,0.515903432,0.772546292,0.123562159,3.706323865,0.690808826
B_0320,I_096,C_22,0.6383,26.6415,84.35359966,0.306841158,0.864018251,0.651159363,0.256611379,3.707761238,0.470744508
B_1527,I_073,C_25,0.3000,22.4370,62.01235921,0.7,0.799712299,0.732408201,0.3666833,3.933641801,0.722870313
B_1806,I_059,C_20,0.6284,21.9850,60.67080121,0.349918647,0.906474135,0.555937091,0.123561485,4.363011503,0.618413752
B_1178,I_064,C_08,0.4714,27.8509,60.86192534,0.489483451,0.577271723,0.950083495,0.159509943,3.766400524,0.80426225
B_0559,I_040,C_18,0.7796,25.3428,44.37553673,0.176608663,0.706624608,0.945331559,0.19280304,4.595070323,0.59603971
B_0140,I_035,C_13,0.4723,17.1997,76.7537018,0.439671406,0.911087889,0.570550562,0.381081744,4.203527272,0.683643538
B_1735,I_109,C_09,0.6635,31.6760,79.11238679,0.364198197,0.517482642,0.733353137,0.213656911,4.353066913,0.558307779
B_0532,I_086,C_20,0.4362,18.0297,63.56146373,0.650779932,0.72872962,0.772052538,0.247313464,3.91798069,0.508757412
B_0225,I_089,C_20,0.5365,24.7524,49.49908715,0.431209006,0.776445755,0.570731303,0.178508914,3.89726389,0.620096325
B_0724,I_113,C_04,0.3263,22.0548,68.19294799,0.687687404,0.862148922,0.858764107,0.217976947,3.893198552,0.773300777
B_0787,I_005,C_18,0.9800,31.7762,97.89659755,0.02,0.83823643,0.996021811,0.396763449,4.498003059,1
B_1718,I_024,C_17,0.5725,24.3214,68.88009241,0.401119877,0.873029723,0.721942611,0.129068371,4.554334841,0.989549857
B_1008,I_032,C_13,0.5409,21.7776,86.24521303,0.518576647,0.848573596,0.738506193,0.318987874,3.900205365,0.946047852
B_0410,I_119,C_15,0.4962,22.5654,71.92261242,0.400874663,0.730328676,0.737886527,0.002663802,3.888201956,0.810294532
B_0326,I_039,C_18,0.5241,21.8506,83.09183672,0.457628389,0.938360224,0.653116792,0.199235416,3.87466548,0.751189542
B_1766,I_117,C_06,0.7597,24.9093,62.13245917,0.232390611,0.573061502,0.838572576,0.104470069,4.349525157,0.846023973
B_0300,I_070,C_15,0.3202,22.2406,71.4360811,0.7,0.736464318,0.821776915,0.286754864,4.139795174,0.713318732
B_1263,I_113,C_12,0.3000,18.7686,63.06967199,0.650717431,0.819322713,0.746555016,0.320592998,3.831413098,0.696486187
B_1946,I_039,C_17,0.7813,20.5298,76.04988972,0.197554043,0.807718524,0.588027162,0.406106595,3.399428834,0.688760991
B_0026,I_038,C_24,0.3082,22.9738,73.18067227,0.652764724,0.653698535,0.855759356,0.239139155,4.330504614,0.745427303
B_1859,I_019,C_02,0.4994,28.3814,59.69155253,0.486753428,0.86759956,0.371480434,0.343496435,4.110909041,0.62873034
B_0715,I_073,C_16,0.3738,21.4213,61.70273548,0.608891785,0.487715139,0.468466244,0.228215042,3.947980881,0.640598943
B_1010,I_092,C_20,0.6383,34.1497,60.51824789,0.393690765,0.471141173,0.538285898,0.248562853,4.414605346,0.712201878
B_0194,I_023,C_15,0.4702,25.3400,89.3706303,0.519368943,0.351411745,0.907337627,0.081040551,3.495528792,0.599005808
B_0441,I_030,C_12,0.9331,33.4496,69.46999877,0.05173186,0.769363674,0.82424933,0.184046894,4.588831131,0.811187146
B_0574,I_090,C_01,0.6996,21.9795,83.25512096,0.230225286,0.609195356,0.689722223,0.330391952,4.917133353,0.933851745
B_0947,I_030,C_20,0.7827,26.9144,83.28960913,0.156752213,0.877165167,0.936966125,0.24003732,4.164997605,0.576993906
B_0998,I_110,C_02,0.5438,29.3905,56.30208995,0.400884672,0.565271702,0.664224372,0.233698338,4.510227624,0.606782223
B_0504,I_057,C_11,0.5715,28.9202,68.31554325,0.456266808,0.744736447,0.577314443,0.301384451,3.797970182,0.65050097
B_0606,I_076,C_16,0.4470,18.7765,59.94899036,0.515452857,0.551212666,0.697100879,0.395238714,3.810820245,0.727943875
B_1717,I_108,C_22,0.4794,31.2685,83.8500344,0.489054944,1,0.656986108,0.469536819,4.305562347,0.75421675
B_1164,I_115,C_07,0.6464,25.5764,86.38687475,0.294990263,0.575772496,0.646220363,0.05839751,4.861889976,0.679693243
B_1787,I_062,C_22,0.6794,20.1406,76.51126539,0.365972771,0.627516382,0.646130876,0.100466713,4.543161617,0.741382774
B_0847,I_092,C_17,0.5422,22.8586,58.92894632,0.498060867,0.885651846,0.656597568,0.297064375,5,0.584565246
B_0004,I_015,C_18,0.7952,31.5046,86.325703,0.222938373,0.793859271,0.747246472,0.249402782,4.772039085,0.622436209
B_1287,I_113,C_03,0.4634,17.7508,76.3301314,0.528153827,0.877334212,0.469725708,0.200591254,3.89909982,0.508418316
B_1223,I_059,C_19,0.4154,26.3980,89.32935719,0.544380752,0.983105612,0.867211533,0.177447772,3.722064496,0.698267212
B_0468,I_095,C_24,0.5438,27.1808,81.71996412,0.323975321,0.496827773,0.539893132,0.339064496,3.688151023,0.746366039
B_0322,I_052,C_20,0.4408,27.2639,91.82826136,0.498664411,0.836129894,0.748488837,0.240661611,4.355240633,0.634526778
B_0006,I_072,C_25,0.7565,25.9657,82.76165201,0.285055956,0.429606399,0.724622747,0.281835458,3.654142221,0.622207087
B_0223,I_119,C_15,0.5543,30.8783,67.62444207,0.606129786,1,0.793871998,0.201792391,3.904398534,0.630858732
B_1375,I_104,C_21,0.5087,21.4760,88.23324041,0.501241999,0.934404138,0.744072108,0.269514046,5,0.69498271
B_0548,I_005,C_18,0.8799,31.1410,87.03847329,0.127194159,0.905017845,0.801352667,0.259951418,4.591993217,0.796506609
B_0229,I_001,C_17,0.5522,16.3419,80.99329581,0.49830678,0.937878959,0.523644333,0.315944625,3.516045238,0.690196122
B_0040,I_042,C_14,0.6033,20.7784,90.2209843,0.375225637,0.735194238,0.708765295,0.139753389,4.16448223,0.45814575
B_0543,I_008,C_14,0.4835,36.3475,75.92020655,0.392427336,0.833840132,0.635382268,0.265259282,4.268706217,0.649988695
B_0243,I_097,C_06,0.3896,23.9694,60.66052213,0.597227198,0.611647916,0.733587544,0.423791606,3.850112682,0.645599191
B_0899,I_012,C_05,0.8003,17.2373,77.8893131,0.257383136,0.591515174,0.911487904,0.13386948,4.493673157,0.660011463
B_1134,I_056,C_13,0.7545,23.2111,94.34392621,0.253408357,0.750919918,0.906474389,0.295427912,4.528203238,1
B_1449,I_045,C_22,0.4940,27.5539,70.72745242,0.468650756,0.661750846,0.868537859,0,3.353841843,0.778395539
B_1869,I_113,C_12,0.3540,11.4750,77.46625861,0.66388025,1,0.729255495,0.26659686,4.307239496,0.410625684
B_0843,I_114,C_09,0.8564,28.0893,70.74334358,0.163463371,0.829959261,0.908043205,0.246327691,4.671845092,0.915514599
B_1419,I_097,C_06,0.6365,31.6250,68.20499949,0.342066065,0.703482865,0.780832403,0.222257483,4.645426814,0.7505476
B_1654,I_067,C_19,0.3214,21.3242,64.36123062,0.7,0.770560947,0.730851442,0.225613029,3.915382483,0.29786442
B_1970,I_018,C_08,0.9285,26.8739,90.73848956,0.086032794,0.866435206,0.831923132,0.444539464,4.685136355,0.703814408
B_0662,I_024,C_14,0.7579,27.5761,83.31732791,0.303345365,0.894509283,0.981763624,0.28305703,4.243761072,1
B_1211,I_108,C_23,0.4883,35.1980,73.82016049,0.576869355,0.375349716,0.690659641,0.449567868,3.693465621,0.760387558
B_0315,I_019,C_12,0.4579,32.5249,84.35172472,0.524609223,0.930555596,0.765472954,0.149283183,4.096441063,0.762661476
B_0692,I_008,C_11,0.4697,32.7319,69.95344761,0.618565727,0.894294501,0.669867038,0.307511062,3.886430079,0.499527023
B_1504,I_041,C_14,0.7848,27.1655,65.11289627,0.211727616,0.665386285,0.550481444,0.059308152,4.012002287,0.603202022
B_0425,I_097,C_19,0.7158,40.0000,72.02751048,0.281660739,0.751419952,0.719632687,0.162036266,4.126764113,0.66736607
B_0595,I_001,C_12,0.6229,18.9694,75.2769746,0.351471203,0.939075968,1,0.234232813,4.268749388,0.685700644
B_1964,I_042,C_01,0.6311,24.3877,77.55171488,0.328230458,0.888739191,0.632818591,0.047928001,3.597353177,0.638110514
B_0623,I_069,C_04,0.6289,24.9105,77.08158488,0.429827036,0.947016934,0.601948465,0.151344778,4.303584632,0.777316781
B_1171,I_111,C_08,0.5414,29.5410,54.99570571,0.492006019,0.819733281,0.850664857,0.112368392,4.048438686,0.743245247
B_1044,I_050,C_08,0.3000,17.4668,61.72698497,0.7,0.843450986,0.74660518,0.215710997,3.622315814,0.528279439
B_0228,I_097,C_03,0.8055,30.5394,70.45141561,0.273266972,0.637576272,0.706156544,0.20907076,3.41158246,0.672975253
B_1118,I_005,C_01,0.8410,24.5661,77.15810127,0.173727458,0.899907643,0.74116132,0.312974344,4.124415638,0.565892271
B_1332,I_060,C_24,0.6029,19.4321,48.11865748,0.41136851,0.92145199,0.937860833,0.277417326,4.177200612,0.696576209
B_1316,I_063,C_21,0.6625,29.2762,79.54138179,0.391344469,0.781550181,0.936382511,0.070589539,4.380024133,0.649408563
B_0067,I_009,C_03,0.7565,20.7510,88.79045313,0.267153005,0.735882114,0.551435659,0.220527954,4.413578324,0.671865198
B_0025,I_030,C_14,0.6523,36.0764,83.98662887,0.362632577,0.796243752,1,0.409882382,4.454414905,0.94804038
B_0145,I_041,C_10,0.6593,18.9751,67.35932982,0.343029359,0.701579876,0.771206804,0.105125411,4.496050878,0.542446144
B_0537,I_015,C_05,0.8779,35.0188,76.51956675,0.139782965,0.959583357,0.830209723,0.311882345,4.658752988,0.995314974
B_0812,I_029,C_03,0.8119,21.0375,68.35747757,0.180663979,0.838208852,0.639818154,0.405844935,3.458215282,0.659371858
B_1467,I_072,C_10,0.5620,20.5991,94.15403926,0.45151623,0.754962912,0.685618257,0.369679143,4.062989086,0.493668913
B_0086,I_002,C_12,0.6963,30.4455,77.18853933,0.17582599,0.939610462,0.875756675,0.287767325,4.053939877,0.950179022
B_1661,I_035,C_01,0.5641,33.2321,75.64709001,0.402559543,0.542749367,0.807167614,0.185482819,4.04157658,0.784533488
B_1646,I_067,C_05,0.3000,27.2854,73.57264079,0.684188591,0.751013821,0.551637044,0.150939023,3.904929002,0.604136333
B_1805,I_113,C_15,0.3731,15.3292,79.0488289,0.548292461,0.575333896,0.772891588,0.074822888,3.845755595,0.700015563
B_1818,I_056,C_25,0.5020,21.2500,95.30304585,0.508990114,0.831966099,0.810415788,0.357607096,4.755171107,0.616354893
B_1577,I_049,C_22,0.5042,26.5020,88.9051509,0.368322506,0.760944792,1,0.30777971,4.177088602,0.799844433
B_1145,I_113,C_23,0.3157,23.9268,59.02783015,0.644284537,0.581057997,0.439776324,0.178878167,3.412733169,0.630449891
B_0363,I_024,C_20,0.6510,37.7189,74.46924383,0.346070674,0.825790381,0.926052756,0.19211896,4.452392803,0.918803836
B_1612,I_066,C_10,0.5086,24.4842,71.38241639,0.522599313,0.655848832,1,0.151322444,3.968081527,0.732672102
B_1866,I_074,C_08,0.5687,6.1592,77.60847394,0.386334474,0.849864401,0.678631691,0.155489543,4.006164825,0.603965106
B_1027,I_057,C_15,0.7073,29.3594,85.02436658,0.258107171,0.678305579,0.58410436,0.276783551,4.318855396,0.902973125
B_1031,I_023,C_09,0.4903,26.2834,73.1939496,0.46822061,0.748092717,0.526448171,0.268172123,3.570031159,0.710059008
B_1304,I_120,C_09,0.7247,24.7726,88.44924905,0.274216718,0.91530794,0.755313969,0.290242785,3.98386531,0.492199475
B_1356,I_060,C_05,0.5491,33.1735,82.503907,0.481203823,0.785712997,0.750583082,0.346927299,4.576981749,0.656199526
B_1731,I_014,C_24,0.6632,29.0088,76.74326306,0.278558028,0.900848796,0.676250323,0.413035126,5,0.687465771
B_0666,I_033,C_14,0.5005,26.9439,78.26871324,0.498725418,0.744937029,0.723421645,0.359620511,4.170143222,0.805667836
B_0365,I_120,C_07,0.5040,23.6198,67.43439665,0.473096411,0.632879806,1,0.162192464,3.905249003,0.660597052
B_0078,I_047,C_11,0.5176,30.0887,81.10109255,0.495678783,0.685442649,0.828338295,0.219103657,4.50974756,0.893450939
B_0028,I_064,C_13,0.4902,29.6143,71.16855163,0.44352908,0.49367012,0.644198779,0.241062625,3.592024652,1
B_1437,I_109,C_06,0.5394,36.5360,65.41863982,0.434911772,0.734828334,0.778764496,0.260783048,4.428850414,0.828386711
B_0526,I_058,C_20,0.8164,36.7362,80.46245611,0.176361743,0.544786581,0.961540841,0.180353321,4.761864062,0.802236803
B_1835,I_117,C_23,0.5698,28.2206,88.50817131,0.449571586,0.875054623,0.661662631,0.422088831,4.96812001,0.824013492
B_0056,I_051,C_09,0.7155,21.4348,74.20098991,0.382004063,0.824324362,0.739967096,0.327145677,4.219121732,0.562554383
B_0639,I_100,C_01,0.4122,29.5130,70.49692778,0.562818756,0.940182766,0.698123096,0.175294425,4.62555599,0.948958389
B_0303,I_112,C_13,0.3090,24.3353,76.09487123,0.7,0.618121636,0.805425397,0.209891032,4.331608956,0.567322302
B_0719,I_049,C_15,0.5931,28.9385,79.91966028,0.425182364,0.819431107,0.739358657,0.301989026,4.845218178,0.766997997
B_0625,I_016,C_06,0.7226,31.7413,74.42842516,0.335295884,0.888144966,0.696950543,0.17653551,3.9569852,0.897690489
B_0008,I_021,C_01,0.5273,36.2493,92.18408047,0.45812337,0.838161041,0.681278208,0.195134242,3.97623738,0.886724814
B_0804,I_013,C_11,0.8246,34.9972,78.03197158,0.048363839,1,0.875052166,0.273386377,4.326665382,0.847304454
B_1050,I_051,C_04,0.7554,35.6506,91.77243119,0.290721289,0.822032741,0.717755287,0.430580184,4.539016108,0.721676921
B_0337,I_094,C_07,0.4620,21.0371,70.72766146,0.537213722,1,0.855613739,0.207547762,3.840923555,0.469153078
B_0048,I_062,C_24,0.6931,35.4062,81.16992243,0.329585748,0.565843947,0.649755182,0.157522013,4.545782893,0.749102266
B_1764,I_076,C_19,0.4936,24.1718,67.62651077,0.520108115,0.798809795,0.672329914,0.276257262,4.181988791,0.848131389
B_0107,I_087,C_13,0.8331,25.6072,84.86604048,0.102403218,0.838316043,0.65906313,0.308769459,4.362721353,0.665121599
B_0350,I_012,C_11,0.7824,25.2035,85.58719989,0.254986712,0.641629813,0.660963839,0.183772806,3.726591159,0.99404685
B_1080,I_043,C_13,0.7014,26.9647,74.96639713,0.193460024,0.843947159,0.625866523,0.304698228,4.434635351,0.931671549
B_0239,I_027,C_25,0.7364,26.0845,94.52129093,0.23383361,0.508084026,0.42746263,0.313151175,4.63400371,0.754149241
B_0214,I_006,C_03,0.3503,21.9573,90.60326265,0.671188753,0.787412641,0.551618557,0.086371315,4.296851751,0.458075715
B_1776,I_098,C_03,0.4038,27.2017,75.44054253,0.646025241,1,0.925602172,0.227759292,4.235172369,0.412519885
B_1139,I_061,C_23,0.3208,27.2943,67.04397251,0.628954145,1,0.7688962,0.086281887,4.071302281,0.710763093
B_0794,I_111,C_01,0.5119,33.3152,82.1823729,0.483418626,1,0.687276511,0.301514873,4.072275433,0.776879559
B_1587,I_001,C_08,0.5490,23.3439,67.02936606,0.451977584,0.599724618,0.621073143,0.382085961,4.487717414,0.63397214
B_1583,I_061,C_22,0.3400,20.0181,71.82002563,0.628251327,0.833628257,0.705912929,0.193031826,3.342110782,0.797116628
B_1672,I_037,C_25,0.8689,38.5246,94.68403604,0.201667177,0.65746299,0.722603357,0.325189685,4.377027372,0.894039055
B_0524,I_051,C_06,0.7911,30.7503,88.68479636,0.238464259,0.587833863,0.982946284,0.378042537,4.73537934,0.791604135
B_0233,I_077,C_15,0.6975,25.0513,65.28597149,0.326553735,0.803454662,0.84931029,0.257127904,4.460450093,0.628686621
B_0645,I_058,C_15,0.7892,25.6094,72.67328301,0.167160789,0.890835427,0.961875134,0.286207173,4.468585361,0.726590804
B_1508,I_001,C_18,0.6808,22.4070,75.3613505,0.390493647,0.593922428,0.860896545,0.286332541,4.206381392,0.901625358
B_0534,I_052,C_23,0.5094,28.4284,63.77287715,0.508641899,0.702924709,0.690856421,0.016862652,4.263395461,0.621724533
B_1942,I_090,C_09,0.6218,28.7031,78.15335334,0.394940782,0.670902335,1,0.236392405,4.519082475,0.97191508
B_0604,I_119,C_14,0.6299,28.1325,96.50843813,0.394411302,0.692933129,0.460019504,0.260036962,4.20559616,0.878830369
B_1330,I_069,C_20,0.3531,26.1505,72.2472721,0.642219781,0.693052614,0.634175397,0.119996615,4.622459431,0.685835114
B_1075,I_006,C_05,0.3532,26.3494,84.30793136,0.65523914,0.715041148,0.504781857,0.21005149,4.547948629,0.410389143
B_1305,I_010,C_20,0.9800,33.1940,93.79056865,0.117690078,0.836758863,0.973241409,0.530590899,4.392616989,0.932305802
B_0061,I_018,C_03,0.8062,30.6195,74.66920194,0.310491465,1,0.903113068,0.456625937,4.692613702,0.652539446
B_1264,I_094,C_13,0.4893,20.6002,75.8477321,0.468191726,0.856524373,0.844458065,0.209230923,3.382099349,0.750825743
B_0093,I_063,C_11,0.6522,27.8546,80.14540588,0.218667469,0.644821411,0.791773335,0.191492611,3.661301616,0.471609742
B_0667,I_033,C_09,0.6497,31.3190,86.52130983,0.373139871,1,0.73722293,0.313416093,4.457953321,0.735351699
B_0281,I_019,C_09,0.3000,18.9509,72.90869316,0.690033419,0.883095772,0.625522297,0.341690503,3.970917957,0.752501117
B_1114,I_022,C_09,0.5067,29.2747,93.13567731,0.427964175,0.747521036,0.884170338,0.308709648,3.713255198,0.889254049
B_0360,I_080,C_08,0.5282,16.1237,49.9840014,0.518853471,0.782464592,0.428075412,0.486620234,4.067028279,0.721852385
B_1129,I_073,C_17,0.4200,26.7457,76.68630442,0.596344723,0.74236233,0.676912248,0.107648186,4.234585852,0.62631584
B_1170,I_107,C_22,0.5232,26.1551,78.86024176,0.41628967,0.714652574,0.791899748,0.247365888,3.778622393,0.632577249
B_0848,I_072,C_02,0.6932,32.6320,77.41003039,0.245601354,0.537234751,0.67263329,0.313365829,3.646698715,0.916087459
B_1522,I_115,C_01,0.5239,23.5832,95.33727552,0.546654332,0.828417755,0.828251173,0.052586372,3.66525878,0.663396092
B_0111,I_080,C_13,0.4419,19.8394,83.54118781,0.528886818,0.754167843,0.586952778,0.185102441,3.988906555,0.72761652
B_0043,I_080,C_02,0.6373,22.9534,73.51983788,0.461053959,0.772868912,0.718591277,0.108251453,3.780801606,0.539760935
B_0126,I_089,C_01,0.4648,19.9229,75.70124486,0.578307447,0.925173969,0.583507974,0.313122924,4.708626852,0.701400839
B_0205,I_115,C_15,0.6015,21.5059,86.84964808,0.380157878,0.702670407,0.950608901,0.387191066,4.413009176,0.853701386
B_0053,I_064,C_15,0.5628,33.7699,74.43985843,0.452870492,0.757869206,0.484020437,0.227578159,5,0.66309602
B_0546,I_108,C_20,0.6029,32.8325,91.59129708,0.40315866,0.616576513,0.925081857,0.351577469,4.116789861,0.722962278
B_0069,I_053,C_13,0.5300,28.8647,87.17058651,0.453428954,0.896827997,0.769047888,0.274539339,3.897640223,1
B_1741,I_107,C_03,0.3700,30.2844,94.83547857,0.592907529,0.556252828,0.843496305,0.051929672,4.164330926,0.337640532
B_1548,I_091,C_21,0.9800,28.9656,83.55367484,0.02,0.560597877,0.978025727,0.211186492,4.731719448,0.737219892
B_0184,I_051,C_22,0.9800,30.0479,99.72172774,0.069136348,0.768626077,1,0.230574472,4.419083725,0.830932659
B_0138,I_008,C_05,0.7214,21.6490,89.70169653,0.2151518,0.998194362,1,0.379707546,4.36737716,0.890545475
B_0900,I_074,C_20,0.6087,21.0426,72.13542169,0.413111387,0.661375138,0.780862135,0.186013776,3.700993193,0.624844319
B_0797,I_074,C_17,0.4063,23.0420,52.37873106,0.675826515,0.685943078,0.70118665,0,3.795311518,0.33398806
B_0133,I_088,C_21,0.6233,22.4582,89.68071333,0.353534252,0.629260497,0.661073447,0.374018536,4.256935492,0.730811871
B_0081,I_081,C_03,0.4965,23.2082,77.01952259,0.496918608,0.927421425,0.868639703,0.26277542,4.089280251,0.799701745
B_1987,I_108,C_15,0.7248,27.2454,67.40795567,0.293061993,0.752127769,0.740793753,0.479363735,4.781511809,0.588459566
B_1541,I_075,C_02,0.3000,24.0307,56.85187257,0.685052936,0.751686811,0.842285978,0.08894777,3.726680961,0.619655634
B_0542,I_097,C_19,0.7266,23.3408,66.7567126,0.292731651,0.834411401,1,0.176796993,4.513955783,0.839251799
B_1669,I_016,C_06,0.6330,34.6212,97.54750866,0.404241365,0.627610566,0.710466034,0.358629708,4.102844353,0.706869802
B_0984,I_102,C_14,0.6950,25.4527,84.74946711,0.298814274,1,0.898506784,0.445279971,4.425694308,0.709622076
B_0166,I_099,C_03,0.6227,20.7755,79.87827025,0.403748001,0.924698201,0.882105739,0.236073869,4.814709554,0.934871894
B_0249,I_059,C_24,0.3770,33.9570,81.6699624,0.7,0.795552611,0.791261936,0.111020308,4.096352884,0.648672651
B_0447,I_105,C_15,0.7392,31.3242,85.59864243,0.260551426,0.735558024,0.62736508,0.442263865,4.206839231,0.815207224
B_1515,I_054,C_19,0.6154,17.8095,59.18621618,0.437345264,0.878856138,0.853012556,0.418241788,3.94006226,0.782909918
B_0859,I_025,C_03,0.8222,32.4306,83.80645164,0.12053621,0.809695321,0.858678297,0.490316156,4.633820618,0.710167673
B_1212,I_083,C_09,0.3854,30.5341,88.27705932,0.575300872,0.651202558,0.423826568,0.233941339,4.007705307,0.823055951
B_0098,I_074,C_08,0.3391,21.0309,75.2633511,0.7,0.773862265,0.624382895,0.139989094,3.31496065,0.548084392
B_1974,I_039,C_16,0.5904,23.6296,60.01792384,0.366749119,0.626213013,1,0.27075206,4.045937057,0.734004573
B_0738,I_099,C_24,0.7842,40.0000,79.62944671,0.261778343,0.889798611,0.687230841,0.359040594,4.58814824,0.583913242
B_1256,I_084,C_15,0.6822,23.5061,77.3224737,0.355447079,0.730274027,0.709892307,0.297228793,4.88889338,0.573469136
B_0103,I_048,C_05,0.4315,28.0636,83.91865345,0.591620991,0.621314959,0.774662531,0.287949028,4.333281963,0.690926241
B_0435,I_035,C_06,0.5498,26.6592,72.38289029,0.387774822,0.440472178,0.686963089,0.237696653,4.374595222,0.737171966
B_0075,I_071,C_14,0.6494,27.8678,80.19389932,0.179262876,1,0.707249892,0.260979441,4.642902346,0.993372972
B_1792,I_107,C_19,0.7043,26.1746,75.10229182,0.274533821,0.9418212,1,0.370649071,3.73279026,0.903801498
B_1235,I_004,C_18,0.4318,19.6695,83.63269611,0.579771305,0.752024093,0.644744337,0.17781408,3.969242674,0.694328247
B_0919,I_101,C_02,0.4727,24.8990,81.66415994,0.464055537,0.803639745,0.443165694,0.346527954,3.923504136,0.523731458
B_1712,I_053,C_18,0.4921,27.3750,76.70893735,0.394844368,0.752319813,0.755745068,0.2774714,4.17695965,0.580045249
B_1671,I_116,C_05,0.6728,26.9245,75.73038285,0.249614834,0.686712168,0.84810378,0.267071203,4.448826249,0.884767822
B_1621,I_004,C_09,0.6013,21.6548,83.75853371,0.390111726,0.876636743,0.644054447,0.241638898,4.508464149,0.60820209
B_0763,I_052,C_15,0.6137,35.7982,86.085099,0.346031452,0.802813766,0.621845002,0.184392249,3.629323182,0.688241279
B_0990,I_037,C_20,0.9800,38.7296,98.74883574,0.038741267,0.817548643,1,0.399700608,4.856658172,0.839852449
B_0389,I_061,C_04,0.3000,14.1736,67.94835586,0.694805486,0.676577566,0.67252923,0.204030784,4.2419207,0.624953389
B_0236,I_103,C_20,0.8001,28.2691,95.35845299,0.206769046,1,0.590344208,0.264029682,4.932530344,0.717991712
B_1507,I_023,C_21,0.5930,17.9197,75.79211476,0.418345708,0.927153537,1,0.108604148,4.264174615,0.71287336
B_0268,I_056,C_21,0.6472,33.5506,76.52920004,0.395502879,1,0.901685095,0.297709854,3.697584319,0.812686715
B_1188,I_086,C_14,0.4429,23.6607,78.41956028,0.563852503,1,0.548127004,0.125786953,3.71634182,0.858154799
B_0118,I_089,C_13,0.4868,19.4790,71.91567054,0.53589982,0.64556531,0.697068901,0.002996561,3.439239129,0.610089815
B_1607,I_001,C_05,0.4748,37.2529,90.40512405,0.520067652,0.709532589,0.605070672,0.370148216,3.735889912,0.651008326
B_0674,I_065,C_21,0.6550,22.5711,72.69541226,0.355041753,0.623662971,0.656897631,0.310520809,4.762608158,0.707651911
B_0250,I_118,C_12,0.9760,38.1103,69.32246751,0.084220554,1,1,0.145582987,5,1
B_1453,I_115,C_20,0.4885,18.2599,65.23456684,0.64823543,0.719964569,0.77340633,0.217969491,4.112522126,0.847283886
B_1995,I_065,C_18,0.6458,26.9487,88.07336807,0.264790927,0.496166357,0.819761082,0.340809442,4.277291471,0.820217609
B_0095,I_090,C_24,0.7025,34.3263,83.47233383,0.304079406,0.810871961,0.684592656,0.260003431,4.33334668,1
B_0034,I_022,C_08,0.4838,27.1249,74.58342485,0.462666486,0.887794113,0.61594,0.221915078,4.225557619,0.647781295
B_1464,I_104,C_23,0.3314,21.6480,85.56339498,0.62431978,0.684705595,0.715355707,0.302890418,4.262862092,1
B_1668,I_107,C_04,0.6184,27.7093,78.53500077,0.375237451,0.591965689,0.904138351,0.374932971,4.553848337,0.642587572
B_0449,I_024,C_03,0.8693,25.3054,92.71369719,0.111617711,0.797194142,0.849960825,0.339632917,3.927579005,0.610731761
B_0717,I_064,C_20,0.6503,28.0856,59.77778161,0.298291195,0.56531747,0.812448365,0.311295315,3.82737135,0.638477085
B_1810,I_054,C_21,0.5113,31.2472,78.83864387,0.488219356,0.716762685,0.507453214,0.303378097,4.721506154,1
B_1518,I_001,C_21,0.7142,31.6700,71.80915434,0.217423597,0.8264113,0.904173341,0.270408044,3.963210923,0.778798198
B_0001,I_103,C_24,0.7074,34.6867,77.53398195,0.296345375,1,0.793554253,0.547642511,4.272878313,0.712786046
B_1376,I_014,C_04,0.7554,28.9970,81.96642489,0.219784475,0.93833531,1,0.141950913,4.23329531,0.719953153
B_1102,I_093,C_09,0.6244,33.1526,74.48865602,0.445997865,0.824971378,0.533264598,0.515749058,4.401085314,0.563613932
B_1109,I_005,C_17,0.8388,34.2607,72.48451634,0.085348336,1,1,0.641111144,4.158164228,1
B_1227,I_033,C_21,0.6522,27.8158,77.17142633,0.361748459,0.914579862,0.844409389,0.326047284,4.428262029,0.779537728
B_0083,I_050,C_03,0.3052,19.7914,76.08812776,0.7,0.728257326,0.47322965,0.051646456,3.466261699,0.612903773
B_1289,I_047,C_04,0.6650,24.9603,86.3200816,0.292633722,0.80049461,0.7265763,0.412740546,4.449808158,0.702804506
B_0677,I_074,C_05,0.3000,26.3677,64.38864605,0.7,0.661838875,0.550174071,0,4.091644547,0.672216483
B_1921,I_094,C_16,0.5645,29.4546,65.22552561,0.379392362,0.740509007,0.930434583,0.280687924,4.481826559,0.633456569
B_1047,I_030,C_07,0.6058,24.1787,71.12901155,0.348905518,1,0.774456644,0.290692449,4.101008834,0.643230736
B_0771,I_025,C_17,0.9521,31.1614,70.45106238,0.02,0.798029882,0.533489307,0.333988364,3.745390875,0.854294328
B_1947,I_015,C_09,0.6782,33.3995,81.35932885,0.380877754,0.999312995,0.797466972,0.312891356,4.229929785,0.756944944
B_1281,I_118,C_10,0.8381,34.4539,64.26559082,0.101304118,0.684534251,1,0.420829736,4.123939686,0.94940443
B_1581,I_092,C_21,0.4268,29.4162,73.16507754,0.575534739,0.946644481,0.552800028,0.234545664,4.128478344,0.769117391
B_1489,I_068,C_07,0.4419,30.8701,68.70326317,0.516097594,0.664668361,0.743612459,0.155368223,4.442966528,0.532419786
B_0405,I_048,C_03,0.5802,20.9460,85.31992021,0.308078669,0.692937478,0.815894531,0.351085108,4.192104275,0.431908976
B_1728,I_114,C_02,0.6039,31.3905,72.07260466,0.448446292,0.881096589,0.803436207,0.263520572,4.680501446,0.88211928
B_1299,I_107,C_07,0.7008,32.9222,71.10055233,0.296189164,0.853599081,0.839704926,0.234098797,4.669857587,0.714206955
B_1341,I_076,C_21,0.5517,19.9041,57.5516222,0.444449868,0.765411142,0.681423515,0.310395392,3.798659062,0.649944503
B_0105,I_072,C_13,0.6109,29.9127,71.32747305,0.344096521,0.948128299,0.843252676,0.141748631,4.364242572,0.822516015
B_0689,I_087,C_14,0.9234,28.5692,67.34265363,0.038804461,0.746411264,0.973729274,0.456137952,4.48031328,0.850336605
B_1306,I_005,C_04,0.7864,35.6531,81.28399687,0.248151095,0.932336723,0.898120618,0.340638769,3.60882612,0.917377462
B_0827,I_036,C_04,0.3682,13.8181,76.40782464,0.626930778,0.686544371,0.640777824,0.192933864,4.132140772,0.535826424
B_0063,I_089,C_18,0.5860,32.3367,81.17919865,0.439914623,0.668638676,0.420780531,0.30310986,3.694582007,0.419117394
B_0853,I_003,C_06,0.9247,31.4761,73.02834409,0.106065496,0.95961244,0.650854596,0.357033082,4.33888712,1
B_1354,I_101,C_03,0.4608,22.5731,66.84086956,0.555216311,0.460777813,0.745770977,0.30340137,3.811041489,0.583466982
B_0224,I_092,C_14,0.7380,27.1601,84.52745013,0.221466576,0.980297237,0.594057173,0.010869656,4.778329088,0.634929797
B_0146,I_028,C_11,0.5546,22.4374,54.18970151,0.356446372,0.696114723,0.543555873,0.283235888,3.983707435,0.722167544
B_1089,I_075,C_17,0.3000,22.8260,75.96940139,0.7,0.671940578,0.761679965,0.206588127,4.694899741,0.60337615
B_0374,I_104,C_10,0.5542,15.9294,89.33474607,0.455489997,0.710488752,0.780288021,0.255230305,3.974270978,0.612168717
B_1421,I_027,C_13,0.4892,32.7657,91.26256419,0.580676861,0.880863266,0.638938807,0.242651757,3.916248784,0.572523197
B_1143,I_001,C_08,0.5454,19.1898,90.58786153,0.507007896,0.733657848,0.745206991,0,4.602514925,0.655761073
B_1827,I_081,C_04,0.8109,21.9669,78.54289155,0.159322019,0.695452107,0.926073078,0.203084195,4.089811113,0.543585908
B_1495,I_113,C_20,0.3000,25.8844,69.52051267,0.685524339,0.397109845,0.670566183,0.238172659,3.053045638,0.54131652
B_1602,I_030,C_23,0.6148,34.6583,80.78170788,0.38735746,0.925896036,0.542512178,0.259591515,4.51509832,0.813073791
B_1271,I_079,C_22,0.7064,25.5594,89.62718832,0.2711471,0.586627685,0.708588882,0.246058966,4.233990419,0.771568699
B_0010,I_083,C_14,0.5055,28.2551,67.815708,0.522161152,0.786764893,0.509611435,0.154161201,4.093027016,0.797782642
B_0450,I_093,C_08,0.6324,30.3957,72.46741513,0.370471698,0.666413946,1,0.358147724,5,0.771035289
B_0709,I_036,C_13,0.5305,20.9786,81.43824393,0.413153686,0.54855931,0.819003795,0.186582082,4.229291616,0.495043004
B_0256,I_113,C_14,0.4515,20.2992,66.97771308,0.507954753,0.625404492,0.584506085,0,3.582466188,0.546427643
B_0883,I_018,C_25,0.7973,27.8391,99.04867393,0.146041127,0.782755279,1,0.491379921,4.553619706,0.941592524
B_0390,I_041,C_13,0.4936,26.1448,94.20204768,0.624582312,0.868088682,0.768400009,0.270219638,4.097994961,0.557871097
B_0909,I_008,C_22,0.5076,26.6659,83.66110502,0.487391702,0.67723744,0.655700586,0.148407866,4.645499069,0.603246968
B_0925,I_063,C_13,0.7852,29.9468,79.28256772,0.212759731,0.717239491,0.879132768,0.158977489,3.915329294,0.487393506
B_1704,I_012,C_01,0.6948,16.1709,75.52237518,0.303997201,0.874568938,0.760573188,0.104756519,4.575210526,0.652219138
B_1233,I_119,C_09,0.5208,17.8568,61.33044091,0.493413087,0.852611384,0.599245276,0.201587048,4.080451243,0.518447107
B_0461,I_032,C_05,0.3145,28.1847,91.96871351,0.7,0.956750989,0.612251348,0.442333917,4.39358344,0.747592463
B_1270,I_066,C_03,0.8416,26.3471,92.32021199,0.09555383,0.707665277,0.620196635,0.16599426,4.142522376,0.753935942
B_1760,I_017,C_03,0.7178,25.2104,81.15639741,0.268680368,0.566489061,0.351645999,0.150937907,4.726791087,0.571360284
B_1169,I_110,C_05,0.5329,30.8921,75.42777364,0.434847693,1,0.51284558,0.278182901,4.443770065,0.633924414
B_0959,I_049,C_14,0.7550,25.5262,75.69952283,0.235710681,0.799730475,0.78077012,0.213280016,3.803820257,0.933262037
B_0502,I_060,C_20,0.3805,37.7304,81.24642996,0.7,0.942774412,0.833162915,0.334942619,4.091493377,0.484747772
B_0740,I_030,C_10,0.8667,25.0236,78.5110685,0.174743817,0.892607434,0.945085833,0.268545182,4.540004671,0.978368794
B_1850,I_114,C_03,0.7585,30.4772,78.99254974,0.24997817,0.847613913,0.61411264,0.367823985,4.804298008,0.761920898
B_0869,I_045,C_02,0.5190,30.7474,61.40902002,0.418213844,0.682748211,0.75322747,0.162215747,4.435884741,0.594706699
B_0732,I_012,C_07,0.5628,18.6551,68.11606277,0.377465598,0.664213366,0.823549555,0.205614464,3.81067924,0.754799934
B_0540,I_060,C_01,0.7481,40.0000,74.91165202,0.309892055,0.585186019,0.638825899,0.183443367,4.113211908,0.6987614
B_1202,I_111,C_21,0.6231,31.5802,71.66528522,0.385053355,0.584152151,0.897300275,0.311365097,3.957187534,0.727184864
B_0698,I_115,C_16,0.6603,16.1323,79.36871188,0.282996027,0.926347625,1,0.094273364,4.320467602,0.625272707
B_1393,I_104,C_01,0.4907,32.6524,70.01998523,0.466360821,0.855997318,0.795448782,0.293941307,3.885050529,0.951845001
B_1377,I_032,C_19,0.4093,32.6738,78.64035383,0.539577235,0.889477055,0.553253381,0.275475866,4.049108863,0.771794594
B_1146,I_099,C_11,0.5978,28.4942,77.55639314,0.387404622,0.805104842,0.558574171,0.331164267,3.708838399,0.893687746
B_1032,I_079,C_03,0.6471,28.4836,64.93202095,0.322416,0.738740902,0.652713138,0.130011439,4.32290951,0.746814702
B_0373,I_038,C_09,0.3000,20.8260,56.21463363,0.7,0.675551679,0.831855299,0.25205973,4.753745137,0.441821079
B_0668,I_061,C_03,0.3749,21.6551,80.63717371,0.7,0.745401931,0.668329747,0.184694011,4.693965412,0.75158878
B_1526,I_047,C_10,0.5901,24.7828,66.34151085,0.489456503,0.422826408,0.786145922,0.18477716,4.130632649,0.869853268
B_0358,I_019,C_18,0.5285,14.6673,78.85925043,0.47412644,0.659742331,0.804246642,0.202877061,3.411811751,0.628042406
B_0968,I_049,C_21,0.6096,32.0873,92.01506195,0.417833658,0.822629978,0.687692093,0.11325941,4.559906286,0.73560959
B_0784,I_039,C_10,0.6114,25.1592,74.19733488,0.374991464,0.465484721,1,0.223799668,3.985956039,0.780915567
B_0736,I_023,C_13,0.4762,25.0511,64.38758725,0.605984562,0.689018132,0.557499873,0.159857932,3.590657518,0.806930974
B_1036,I_066,C_19,0.6268,26.5660,88.67252623,0.421561911,0.858816894,0.64705236,0.408439848,4.904274883,0.714171768
B_0971,I_098,C_02,0.5934,32.1027,81.05026945,0.432682638,0.933436652,0.816307101,0.242128757,3.987052176,0.531360987
B_1525,I_021,C_04,0.5936,30.9906,90.38150494,0.375062631,0.732330395,0.78496834,0.243294431,4.348913234,0.491314973
B_1487,I_100,C_18,0.4190,29.2169,77.84156619,0.675025406,0.900384187,0.782288886,0.239489927,4.326310696,0.769624469
B_1524,I_015,C_21,0.6903,27.0500,61.64950681,0.306194212,1,0.973164856,0.283319522,4.221185888,0.724866231
B_1491,I_120,C_15,0.5456,22.4296,81.41771507,0.498276675,0.707741925,0.84398756,0.114477827,4.839059879,0.634621273
B_1643,I_065,C_01,0.5955,22.1912,75.3497973,0.332034078,0.668310126,0.487063127,0.253149922,4.148768956,0.613753319
B_1253,I_095,C_18,0.3000,20.1087,85.75585801,0.7,0.787258784,0.69301689,0.197000014,3.561055158,0.687269765
B_1694,I_001,C_09,0.5870,31.6944,78.96171038,0.473129177,0.633623329,0.699864443,0.1590467,3.814765678,0.526254838
B_1750,I_037,C_21,0.8818,25.8044,88.53885232,0.177047604,1,0.774949466,0.36931102,4.968237689,1
B_1237,I_075,C_13,0.3000,15.4332,76.39343887,0.672941147,1,0.547684174,0.126879891,3.977704196,0.687549229
B_0886,I_049,C_12,0.6122,36.6201,90.84595058,0.391339252,0.699120753,0.580954892,0.245830168,4.786742427,0.386702635
B_0080,I_078,C_24,0.5218,24.2410,67.17861941,0.379490175,0.63427782,0.676551217,0.27961093,4.516275753,0.757783629
B_1173,I_018,C_06,0.8463,34.5303,100,0.113237191,1,0.848314989,0.267806275,4.805035998,0.932980045
B_0815,I_083,C_18,0.3495,22.0093,64.1865075,0.642768658,0.878879958,0.766287083,0.342437924,3.998161001,0.711278935
B_1286,I_020,C_05,0.7635,26.6013,76.93319238,0.225605413,0.944621813,0.850305536,0.126679482,3.707254127,0.967669507
B_0672,I_012,C_02,0.5829,27.0683,90.45720249,0.392387206,0.626748216,0.994248904,0.306905122,3.984795991,0.803816757
B_1532,I_057,C_17,0.5417,24.3727,82.84874445,0.473239411,0.938840656,0.740641008,0.353763007,4.356704369,0.780243799
B_0058,I_021,C_20,0.7834,25.4517,75.81670801,0.209700054,1,0.593736312,0.392111436,3.731477394,0.82245362
B_0134,I_063,C_10,0.5503,12.1980,75.80764875,0.562149992,0.610777496,0.381021661,0.102076591,4.204466346,0.596409406
B_1141,I_026,C_08,0.6240,30.7968,85.6840781,0.469310633,0.753376808,0.707935785,0.349011344,4.617703943,0.713262574
B_0934,I_029,C_03,0.6369,17.4387,69.79065955,0.309107265,0.617718524,0.887094301,0.331333474,4.377607835,0.609218396
B_1685,I_085,C_06,0.6592,14.4934,71.50532313,0.343987839,1,1,0.206938928,3.62634188,0.702912274
B_0824,I_089,C_24,0.3000,25.3291,76.91329413,0.7,0.902497657,0.655283856,0.273601048,4.360396146,0.387042421
B_1215,I_101,C_14,0.3000,26.7482,77.40767904,0.7,0.699164864,0.917925873,0.16171057,3.74448938,0.698725837
B_0505,I_036,C_12,0.4337,22.7749,76.12684896,0.554228119,0.496427396,0.844187156,0,3.827569767,0.70417952
B_1775,I_040,C_08,0.7136,29.0966,72.82862405,0.268963184,0.807382823,0.670567208,0.32061667,4.103108817,0.608702274
B_0348,I_001,C_17,0.5825,25.3945,66.88130747,0.422807678,0.592674882,0.672220737,0.079038913,3.526485,0.944064134
B_0387,I_035,C_23,0.7447,28.8944,73.3016819,0.312181321,0.809698777,0.655908755,0.223900771,4.284944471,0.647529948
B_1025,I_094,C_18,0.4496,26.9189,82.06087307,0.532123248,0.924482075,0.47055065,0.205308533,4.183573485,0.938387782
B_0895,I_016,C_23,0.5870,28.9076,83.70932809,0.454642387,0.676406567,0.642328232,0.339078668,4.1400759,0.894226596
B_0829,I_031,C_10,0.7556,27.8206,65.78208721,0.265721301,0.726279516,0.749464989,0.26757718,4.488041428,0.543813791
B_1893,I_105,C_12,0.8793,32.5213,78.59033611,0.141556271,0.901831017,0.852109916,0.289173325,4.720288938,0.830418572
B_0476,I_032,C_25,0.6252,23.2544,77.82902576,0.384163274,0.537240864,0.708318206,0.243698305,4.097554044,0.914378186
B_1471,I_046,C_10,0.5769,26.8322,87.86512805,0.463710836,1,0.738920473,0.246023751,3.25860286,0.90906766
B_1448,I_076,C_09,0.5450,17.4288,62.57577654,0.539166622,1,0.741120244,0.214554071,3.684306162,0.478693109
B_1582,I_063,C_15,0.5223,30.5231,81.87628711,0.462572648,0.739995,1,0.052814051,3.674414164,0.917259504
B_0653,I_024,C_01,0.7079,24.8607,67.35062937,0.365397315,0.745239998,0.635005062,0.340144046,4.431923499,1
B_0173,I_090,C_02,0.5629,29.4216,87.76012322,0.455783288,0.831343729,0.958092348,0.268429432,4.19546531,0.770539998
B_1150,I_056,C_24,0.6431,30.4483,91.14330474,0.359654383,0.602962481,0.485927907,0.214745858,5,0.506750733
B_0039,I_059,C_13,0.4773,30.0923,77.98869832,0.455241413,0.712276458,0.853484126,0.200927097,3.434831665,0.844136283
B_0714,I_101,C_04,0.5144,29.6209,63.04546405,0.397926713,0.455991401,0.440905446,0.322456738,3.932645901,0.894613565
B_0091,I_054,C_25,0.6873,28.9411,60.40156366,0.307281815,0.949576454,0.978644058,0.437914235,4.57708669,0.744128076
B_1937,I_098,C_21,0.6023,31.4846,63.06410095,0.382731343,0.890118687,0.779031057,0.171253482,4.795033261,0.673868963
B_1206,I_034,C_10,0.6619,20.1794,83.04225607,0.368861094,0.68252033,0.671183563,0.359677721,4.46343803,0.611081072
B_0876,I_075,C_05,0.3000,19.0145,83.4632486,0.652718419,0.655664124,0.664749376,0.305532968,3.014004045,0.685983557
B_1352,I_011,C_04,0.6596,27.9295,77.94887559,0.308422193,0.737666647,0.917570859,0.218148658,4.464763742,0.859467497
B_1890,I_015,C_13,0.7686,28.1594,69.04374527,0.310821893,0.965029439,1,0.33920761,5,0.861606023
B_1094,I_104,C_21,0.3957,16.2923,79.53144049,0.580471746,0.91485847,0.59746437,0.254656667,4.163772108,0.878378465
B_1156,I_078,C_21,0.6228,20.5578,95.33673357,0.405469255,0.470246275,0.804542052,0.204876974,3.960220395,0.662868396
B_1782,I_045,C_08,0.4266,20.4035,86.96390393,0.559625843,0.925151116,0.960877235,0.115143948,3.586661479,0.873406628
B_1959,I_042,C_19,0.8152,31.3114,75.97684251,0.233251205,0.733390571,0.727024977,0.185115905,3.927935781,0.471420092
B_0500,I_024,C_01,0.6595,31.6240,69.17205641,0.419773753,0.797448704,1,0.134023608,4.480460175,0.671226765
B_0339,I_099,C_06,0.5570,26.5059,72.02957084,0.400842439,0.748217404,0.913178932,0.323224191,3.98707569,1
B_1189,I_090,C_09,0.6367,26.5706,87.18918589,0.357041456,0.654504716,0.700584392,0.085186416,4.224459316,0.597907302
B_0029,I_060,C_02,0.8453,26.1973,69.65996845,0.175573271,0.711459029,0.351734832,0.344859356,4.130256747,0.771014469
B_1218,I_026,C_22,0.6534,22.5494,72.92850058,0.454010213,0.615555179,0.701057739,0.176095311,3.448928622,0.6502237
B_1400,I_067,C_15,0.5807,29.3375,64.06685476,0.379300289,0.881664415,0.578737555,0.306821252,3.48064584,0.945499928
B_1821,I_111,C_21,0.6396,29.2843,84.50363338,0.343998003,0.693134531,0.759173081,0.153128184,4.126763068,0.781716141
B_0946,I_056,C_05,0.6368,25.3021,95.48888923,0.428359627,0.649246503,0.933536988,0.27772356,4.154642831,0.839825768
B_0170,I_003,C_07,0.6348,28.6000,74.96244388,0.339265541,0.80432641,0.896157339,0.130070677,4.139968456,0.662326878
B_1405,I_064,C_07,0.5467,22.1475,75.57515857,0.482902129,0.889826593,0.692989108,0.201540833,4.442070039,0.903492798
B_1198,I_067,C_08,0.3959,24.4603,67.10143856,0.623014499,0.651080789,0.584738287,0.255374893,4.213006869,0.650392237
B_1254,I_006,C_02,0.4366,26.7348,77.1175129,0.523791497,0.708308205,0.909335674,0.213801622,5,0.863200556
B_1614,I_092,C_24,0.7809,24.1965,77.08303595,0.176722197,0.891518699,0.65908531,0.179181497,4.208686843,0.734709544
B_0913,I_008,C_01,0.7159,25.9523,69.13200898,0.238836247,0.757367532,0.652224184,0.322682464,4.612654364,0.998225966
B_0492,I_039,C_03,0.4333,32.7174,77.34236572,0.519495793,0.53224865,0.969848945,0.225749182,4.235546069,0.693762154
B_0954,I_118,C_18,0.8304,27.5431,97.47244877,0.221027923,0.810151364,0.903253481,0.209100386,4.579687402,0.671905346
B_1098,I_067,C_16,0.3232,19.5949,78.06040834,0.628813967,0.827144032,0.496469962,0.07903153,3.367286395,0.66990957
B_1033,I_101,C_21,0.4438,32.7051,84.03146121,0.573903445,0.8640081,0.546146376,0.15917256,3.833288385,0.76931916
B_0588,I_096,C_18,0.5589,23.3240,49.88096737,0.509205991,0.875191318,0.892518462,0.463465074,4.42759602,0.498217485
B_0751,I_049,C_24,0.6581,33.3420,76.83266719,0.345335748,0.740026059,0.763283364,0.291387639,4.643413241,0.785112136
B_0658,I_092,C_06,0.4731,30.3319,73.88341594,0.570439354,0.819801114,0.465322929,0.216185136,3.813673537,0.85907203
B_0235,I_003,C_05,0.6863,38.8536,83.56436726,0.283201359,0.526230507,0.766253963,0.231769144,3.555687574,0.921545769
B_0733,I_113,C_12,0.5364,12.0490,69.14872787,0.488594445,0.818220671,0.659427672,0.268756386,4.157387293,0.61727808
B_1989,I_010,C_18,0.9800,38.1497,86.15163327,0.02,0.944459745,0.923803997,0.294456443,4.197681907,0.967876995
B_1633,I_034,C_07,0.7638,24.6317,87.26918675,0.280645981,0.404812445,0.630037809,0.316191785,4.123355515,0.597125903
B_1157,I_088,C_08,0.4845,30.3945,86.08468549,0.508233239,0.824433216,0.684064184,0.169526332,4.316855907,0.925582111
B_1470,I_090,C_22,0.6447,19.5599,72.97334321,0.325572567,0.771570616,0.669386298,0.305856263,5,0.787786152
B_1425,I_086,C_10,0.4173,20.1943,65.39345207,0.609645387,0.887191885,0.774141879,0.268917947,4.054253933,0.729285321
B_1628,I_032,C_10,0.3582,25.5920,69.77439961,0.657356197,0.636568395,0.534464727,0.147544796,4.230541261,0.697477528
B_0935,I_013,C_20,0.7220,28.6691,99.69153489,0.272965628,0.946030826,0.869821618,0.221624908,4.297566727,0.937910453
B_1210,I_113,C_18,0.4742,20.1475,76.99158134,0.525920198,0.565168331,0.727210545,0.080937001,3.844933669,0.467346945
B_1066,I_010,C_21,0.9209,35.7954,90.80942077,0.049711177,0.975339789,1,0.44543032,4.409232693,0.782336962
B_0109,I_040,C_18,0.6810,27.2805,77.95615926,0.319900449,0.808205683,1,0.297927137,4.547296854,0.714970183
B_1543,I_002,C_14,0.6515,25.3874,100,0.370322969,0.624975765,1,0.461540081,4.258722474,0.919284696
B_0569,I_063,C_10,0.3068,27.3334,65.6635219,0.677591217,0.729193145,0.895556964,0.189124635,3.73157089,1
B_1168,I_023,C_05,0.5082,27.5972,67.25595157,0.550748021,0.700177248,0.807480925,0.308627206,4.153803495,0.673904211
B_1175,I_099,C_16,0.6255,24.9325,78.73305506,0.327820224,0.761911049,0.963579657,0.291986685,3.950275292,0.724466076
B_0891,I_117,C_20,0.8051,30.7253,85.34127994,0.203273841,0.904814232,0.791949274,0.274997814,4.422493591,0.766151825
B_0948,I_114,C_10,0.7928,27.0236,77.71108408,0.167869293,0.735031537,0.638483501,0.496386096,4.861268576,0.68087936
B_1049,I_091,C_20,0.9800,40.0000,82.49739733,0.02,0.878593147,0.876057353,0.463430687,4.733420757,0.758629219
B_1353,I_105,C_14,0.9800,32.3337,100,0.050486449,0.589960182,0.773550236,0.176940244,4.395989157,0.933466901
B_1778,I_109,C_14,0.5965,31.9745,73.38359159,0.402371056,0.837636517,0.921556719,0.199847601,3.290190116,0.941531355
B_1447,I_068,C_06,0.5179,14.4145,75.15031352,0.540211633,0.872273694,0.669788216,0.229686234,4.156534973,0.671140914
B_0885,I_105,C_16,0.8811,32.3694,91.89259213,0.160405832,1,0.810097271,0.349044507,5,1
B_1673,I_054,C_03,0.6494,26.5052,77.47267169,0.323619104,0.974242971,0.743293348,0.205080736,4.599649702,0.53583925
B_0851,I_039,C_21,0.5775,23.2140,93.77648743,0.371189766,0.647861769,0.786819018,0.265463975,4.484115187,0.572252779
B_0735,I_013,C_07,0.8231,32.1422,81.28774288,0.182682342,0.826510383,0.860480649,0.27493841,4.715566767,0.798490186
B_0718,I_099,C_14,0.7763,24.4649,73.15756825,0.266163271,0.810798574,0.958472033,0.258874959,4.16894244,0.695644976
B_0455,I_099,C_12,0.6042,40.0000,73.34588033,0.529893065,0.962567481,1,0.299396349,4.488258627,1
B_0265,I_113,C_07,0.4834,18.9349,75.9971295,0.445175757,0.679829288,0.777015574,0.143461062,4.049537802,0.454393074
B_0076,I_044,C_05,0.4631,10.6946,65.28699365,0.444976859,0.755377193,0.7306594,0.351965365,3.497562682,0.488226444
B_1658,I_111,C_14,0.8051,24.3221,85.15177943,0.249922206,0.626781273,0.913895857,0.285410676,3.867246625,0.813546092
B_0445,I_006,C_08,0.3585,18.4712,76.14717289,0.619783198,0.645888476,0.813475314,0.274118301,3.751923248,0.632295243
B_0396,I_021,C_12,0.8691,22.0726,93.94598226,0.087449832,0.915412575,0.799688776,0.188799188,4.524931688,1
B_0177,I_027,C_04,0.6703,29.2721,63.44573336,0.369609207,0.715602291,0.546879365,0.228920373,4.426447128,0.580373465
B_1043,I_038,C_07,0.4367,26.8061,70.70245287,0.485785241,0.86333547,0.68749264,0.2577938,3.693503821,0.915514914
B_1736,I_025,C_20,0.7365,28.8871,73.18448048,0.267869647,0.895518974,0.474687698,0.237960658,4.60831424,0.905652157
B_1402,I_051,C_15,0.5668,29.0147,74.36135636,0.447884979,0.842801566,0.810197611,0.256547159,4.199536032,1
B_1381,I_023,C_23,0.5465,37.3047,87.66512333,0.497992183,0.673032631,0.624852486,0.29478211,4.140617206,0.8336416
B_0596,I_016,C_08,0.6542,27.9125,85.04917758,0.302733347,0.984178651,0.970778461,0.142795178,4.389019443,0.676602439
B_0062,I_004,C_18,0.4311,23.2635,68.3738121,0.556308055,0.880152167,0.748872295,0.23824337,3.571845901,0.701864037
B_1297,I_100,C_21,0.5282,27.2140,77.34640135,0.444530276,0.587738092,0.828573868,0.321047233,4.241203887,0.809823139
B_0873,I_080,C_22,0.5207,25.2229,71.92909855,0.392624809,0.628215394,0.950667485,0.367665032,4.00098132,0.767992052
B_1490,I_005,C_06,0.8661,35.5672,89.97408535,0.103963524,0.894124209,1,0.203675972,4.223684938,0.861412049
B_1879,I_081,C_19,0.3674,28.3065,73.32308017,0.532505957,0.816695063,0.884115314,0.350652754,4.105445402,0.650463744
B_0279,I_097,C_20,0.7269,31.8678,90.328756,0.303572003,0.933847759,0.811638147,0.295158239,4.016333605,0.854968719
B_0037,I_049,C_21,0.7551,24.6942,83.22711188,0.23197617,0.907234402,1,0.271140994,4.080353325,0.981753709
B_1976,I_116,C_13,0.5187,31.0638,69.32877698,0.63345476,0.808908869,0.434180827,0.395741243,4.062645548,0.389957829
B_0663,I_012,C_14,0.5840,26.3957,69.53819078,0.321426384,0.620916155,0.693357758,0.359977531,4.759605287,0.633630637
B_1954,I_013,C_09,0.7741,30.2331,89.64502468,0.207101961,1,0.839474397,0.234784787,5,0.819767925
B_1445,I_029,C_25,0.3064,31.4330,68.71595649,0.690123466,0.777081563,0.983352049,0.182238326,4.082141484,0.427420179
B_0978,I_006,C_25,0.3582,30.8556,82.83378988,0.590038273,0.540293773,0.640742565,0.216703217,3.886306045,0.588595479
B_1572,I_049,C_21,0.4672,21.8801,70.74248501,0.519985571,0.983195505,0.718528411,0.469773663,3.7226866,0.791275877
B_0739,I_105,C_17,0.9181,36.5020,75.47840478,0.086546657,0.887646541,0.689875442,0.34945582,4.404385168,1
B_0192,I_094,C_18,0.7644,17.2753,67.64563923,0.278593781,0.766329077,0.544694972,0.278539292,4.490008919,0.774802738
B_0920,I_041,C_14,0.7203,28.6656,67.97238216,0.361040924,0.794123662,0.561964359,0.217559284,4.219434224,0.465773314
B_0457,I_097,C_14,0.4832,24.3003,86.57620594,0.448014292,0.826708434,0.702189649,0.157535693,4.077584198,0.839598925
B_0676,I_040,C_12,0.7855,34.0152,87.46772662,0.196762829,0.704560757,0.723885418,0.114440969,3.695820429,0.768597714
B_0761,I_078,C_09,0.6428,30.6009,81.48271335,0.35235974,0.630987296,0.729540761,0.209164444,3.896558473,0.779021653
B_1808,I_104,C_24,0.6014,28.9045,79.34239994,0.387161454,0.777760042,0.91126858,0.238074208,3.928134491,0.376652714
B_1603,I_016,C_25,0.6617,18.6134,58.8244272,0.405050772,1,0.748360713,0.22366235,4.637060462,0.410751221
B_0729,I_062,C_04,0.4789,30.3136,88.59819009,0.531233892,0.887231554,0.920929309,0.217925931,4.586876681,0.655991591
B_0413,I_030,C_12,0.7890,33.8294,87.27706661,0.192103014,0.901267315,0.471583671,0.325960529,4.343760939,0.993844931
B_1099,I_096,C_18,0.8583,20.8014,64.43160625,0.02,0.61557814,0.844624209,0.121895283,4.372287007,0.784953231
B_0826,I_004,C_19,0.3776,28.2337,85.76406979,0.617240877,0.762536525,0.780056083,0.109839585,4.056810234,0.585329877
B_1640,I_007,C_08,0.6155,39.7639,89.37542436,0.471394867,0.87556763,0.787265292,0.283178469,4.388136071,0.756922761
B_0617,I_047,C_13,0.5813,20.3540,74.76054232,0.319467077,0.805480949,0.664668213,0.038989728,3.556878005,0.728963503
B_0115,I_053,C_08,0.4043,22.4896,68.1162633,0.636653847,0.897209703,0.653423344,0.161726069,3.821783213,0.711943494
B_0418,I_054,C_05,0.5698,15.5601,72.77106761,0.401093047,0.818556773,0.861710145,0.105353252,4.151043394,0.706966856
B_1911,I_009,C_19,0.6890,32.5172,59.50091308,0.406319004,1,0.716029687,0.251837964,5,0.808042789
B_0970,I_033,C_02,0.4371,34.0107,79.93311646,0.608596121,0.92492306,0.749762676,0.344929972,3.632092223,0.690483686
B_0605,I_067,C_21,0.3722,24.1996,67.99238086,0.65201317,0.921214976,0.584276199,0.268409593,3.460711581,0.527123351
B_1919,I_082,C_14,0.6587,28.4669,67.80862078,0.432172181,0.751649232,0.46826422,0.346532483,4.496451799,0.903186885
B_0090,I_004,C_08,0.4568,16.9619,74.56169934,0.436360427,0.998523251,0.903676106,0.176442959,3.788747086,0.652752809
B_0849,I_061,C_05,0.4444,23.5884,74.48279875,0.616676809,1,0.622709813,0.286953157,3.367745058,0.67775222
B_1520,I_054,C_25,0.8143,39.3706,87.95452429,0.238795,0.699295677,0.688902759,0.240136542,4.963715985,0.594468791
B_1918,I_093,C_08,0.7063,23.5247,73.09820067,0.316026958,0.759630731,0.837409465,0.291620248,4.490215935,0.906734398
B_0754,I_061,C_15,0.3927,17.1076,54.60054197,0.603048128,0.654620573,0.852195971,0.216446544,3.728267382,0.738132033
B_0499,I_025,C_09,0.8772,36.3445,77.30301648,0.102769743,0.619332395,1,0.275310732,4.596690485,1
B_1277,I_044,C_25,0.3000,12.6138,56.00982482,0.7,0.477909973,0.414726931,0.305631445,3.819550592,0.792352437
B_1326,I_035,C_05,0.5384,31.8681,87.60857331,0.525383937,0.910732322,0.995729194,0.301318179,4.824812593,0.737097901
B_0012,I_075,C_09,0.3000,23.5745,73.79440142,0.668010555,0.816132796,0.753255377,0.063785049,3.990701238,0.581919356
B_0397,I_048,C_18,0.7162,21.3236,83.53933087,0.274382705,0.828263851,0.905531115,0.349085845,4.137889475,0.78206309
B_0285,I_090,C_22,0.5750,36.8645,89.4665612,0.371296239,0.905369363,0.672680119,0.16748497,4.186492186,0.660454337
B_1067,I_056,C_22,0.8492,40.0000,84.10793298,0.240640367,0.671728508,0.638793579,0.246705876,4.622510497,0.765941956
B_1192,I_017,C_23,0.5617,24.5366,88.34431732,0.37564203,0.653299928,0.765587999,0.285742457,4.795709709,0.908062003
B_1745,I_058,C_06,0.7317,26.1352,97.05455516,0.313254636,0.812429647,0.991893102,0.314713974,4.983878689,0.654666028
B_0691,I_090,C_12,0.8205,26.7553,72.41800448,0.096932543,0.67671752,0.601739883,0.263558912,4.132150941,0.641077733
B_1753,I_018,C_20,0.9800,38.8496,98.11415043,0.055238309,1,0.716267039,0.45666869,5,1
B_1876,I_008,C_22,0.7435,29.9647,90.78414177,0.329173741,1,0.831409698,0.213652513,4.765469184,0.797382556
B_0690,I_081,C_18,0.5317,26.5407,83.58947642,0.426484381,0.985662208,0.811074913,0.148602509,4.167107062,0.945180234
B_0852,I_001,C_08,0.5655,26.1121,66.46243909,0.452029039,0.989726244,0.783940946,0.258832953,4.846460601,1
B_0160,I_044,C_09,0.3000,12.7070,70.90827107,0.603566879,0.453791339,0.251110804,0.189602176,3.032377991,0.589932831
B_0896,I_087,C_19,0.8332,23.2752,89.88994466,0.201979243,0.666049341,0.738747123,0.302559978,4.130667678,0.542680327
B_1576,I_105,C_20,0.7758,36.1072,82.99240263,0.24960026,0.806788548,1,0.351802755,5,0.836477848
B_0258,I_113,C_17,0.3000,21.1967,52.36179058,0.7,0.630950722,0.801141819,0.272706656,3.794532864,0.710901805
B_0336,I_031,C_22,0.6856,24.6708,76.39798894,0.31034051,0.896413464,0.70471243,0.316019179,3.835250796,0.674298145
B_1880,I_087,C_06,0.7075,25.6921,75.96407636,0.334726668,0.783567148,0.942349481,0.209524527,4.571049642,0.927071323
B_1040,I_038,C_01,0.4921,19.5722,67.53442019,0.454101642,0.663002177,0.700253214,0.117632858,3.834855622,0.718609795
B_0516,I_015,C_05,0.8818,27.6434,74.59578185,0.073005786,0.705029492,0.840607818,0.306983688,4.313904863,0.449877988
B_1349,I_064,C_17,0.6444,38.6551,71.27381053,0.372916288,1,0.778293965,0.139629352,3.807857589,0.764500096
B_1016,I_054,C_19,0.7685,21.8701,80.72119536,0.265000234,1,1,0.102985994,4.381010863,0.925094748
B_0769,I_099,C_24,0.5460,24.2508,81.04163195,0.43799376,0.859295062,0.830093043,0.268294402,4.188277729,0.754367335
B_1747,I_109,C_21,0.8005,36.6513,67.24341846,0.215977187,0.871141798,0.518211775,0.112017548,3.992979944,0.859238679
B_0762,I_095,C_09,0.3535,25.2841,82.94598941,0.7,0.691267701,0.808430094,0.283016861,4.274663493,0.725126049
B_1247,I_115,C_22,0.3512,28.6780,92.65689946,0.634633238,0.942345163,1,0.275410488,3.821580975,0.667721098
B_1204,I_111,C_02,0.6658,31.9519,87.04507868,0.328911596,0.725865557,0.89692551,0.298270959,4.065369597,0.877481967
B_1468,I_023,C_16,0.5111,19.3221,81.40290518,0.533913192,0.940037259,0.579600063,0.077201904,4.274443067,0.454437122
B_1984,I_057,C_15,0.5062,28.9609,90.31706337,0.456840628,0.986157503,0.816721362,0.241812672,4.009382051,0.950782852
B_0522,I_063,C_15,0.7225,24.3576,79.98231598,0.214665224,0.777279099,0.705871733,0.175466806,3.664885399,0.817061523
B_0023,I_088,C_07,0.4276,22.8226,65.03829373,0.541961211,1,0.63356691,0.157553455,4.785334611,0.589843936
B_0357,I_099,C_09,0.6099,22.3450,90.01037945,0.354117971,0.626681316,0.705304475,0.315758062,3.419559028,0.798817991
B_1278,I_005,C_05,0.9800,35.5863,79.36800253,0.025128442,0.744628169,0.864285439,0.372885811,4.469727614,0.606386925
B_1313,I_002,C_14,0.7489,34.9223,70.42707655,0.25239198,0.793011746,0.755025407,0.342925289,4.079424915,0.803888289
B_1683,I_033,C_06,0.5641,32.7949,98.9864719,0.447558479,0.933185376,0.69640086,0.514851487,3.646238248,0.603660077
B_0341,I_016,C_14,0.6429,28.4677,84.21438832,0.317952312,0.862388595,1,0.282309986,3.839757103,0.650677139
B_0432,I_048,C_15,0.5255,26.8022,76.01661657,0.425536558,0.706379421,0.536615891,0.425919696,4.119680416,1
B_0474,I_024,C_06,0.7650,28.2215,75.55643774,0.146503915,0.778327888,0.898647016,0.215244938,4.593258881,0.918572531
B_0218,I_044,C_15,0.3526,29.6919,50.46433986,0.642824481,0.932838946,0.880694243,0.194339679,3.455973676,0.721577499
B_0912,I_090,C_07,0.6052,27.4498,62.41353274,0.411991739,0.645139534,0.616413172,0.162446364,4.410057922,0.712379617
B_1228,I_053,C_03,0.4328,28.4174,71.68572667,0.559202112,0.621754347,0.670070223,0.314793058,4.285919484,0.675012085
B_1597,I_030,C_20,0.7582,33.4484,85.70930959,0.252161685,0.827612552,0.819782041,0.154787288,4.457571959,1
B_1012,I_072,C_06,0.4621,23.0110,75.44559918,0.536984732,0.73607579,0.601443549,0.246615638,3.635992977,0.318308585
B_1950,I_004,C_21,0.3859,25.8460,91.75182692,0.691739651,0.771377582,0.558483837,0.253298239,4.205027256,0.615968135
B_0094,I_018,C_02,0.9800,34.7011,85.11074083,0.02,0.845319355,0.933010693,0.266566275,4.852098011,0.689685439
B_1009,I_034,C_14,0.7803,25.5079,88.04650452,0.263615501,0.828088233,0.753928236,0.440514143,4.147806422,0.999029475
B_1071,I_084,C_10,0.6414,26.7934,79.75613896,0.31925964,0.564559411,0.98689306,0.129650709,2.945336886,0.699895744
B_1093,I_004,C_23,0.5519,29.2299,57.22982023,0.52269055,0.941077889,0.916047042,0.368525421,5,0.783875423
B_1915,I_114,C_13,0.9800,25.0371,89.84094372,0.02,0.863692964,0.998234251,0.100487277,5,0.618848118
B_1309,I_044,C_22,0.3000,24.1986,40.84210005,0.665217544,0.527368858,0.536938693,0.142689869,3.234292125,0.765692547
B_0697,I_034,C_23,0.9654,29.2603,84.94839514,0.02,0.911445735,1,0.244293861,4.087985687,1
B_1828,I_062,C_08,0.4883,31.1511,87.60344979,0.53077804,0.629739854,0.697189614,0.227988342,5,0.594691495
B_0997,I_073,C_21,0.4734,28.2242,78.53357136,0.5704597,0.975485155,0.880797752,0.154415496,4.00067154,0.363756394
B_0154,I_119,C_12,0.7055,19.6612,83.35483942,0.283624561,1,0.813292845,0.389470204,5,0.86378882
B_1100,I_067,C_08,0.5544,22.0288,73.87231734,0.488285077,0.953841356,0.695336378,0.278098214,4.040057768,0.789292363
B_1719,I_081,C_05,0.5769,31.4142,66.80937416,0.39911762,0.548190308,0.692285312,0.31258551,3.871668988,0.756552501
B_1998,I_003,C_15,0.7897,25.6008,74.27548447,0.202938048,0.715313638,0.865289352,0.336087012,3.916212982,0.989223031
B_0790,I_093,C_17,0.8231,22.1637,73.87497468,0.151955361,1,0.80757797,0.187163463,4.322831252,0.669702815
B_0581,I_012,C_15,0.5838,20.2117,77.03634211,0.317076628,0.739613812,0.679855796,0.188107905,4.078594654,0.607298277
B_0704,I_114,C_11,0.5547,28.1251,90.96415662,0.38764609,1,0.84491729,0.287592954,4.577448282,0.697977372
B_1213,I_042,C_25,0.6274,35.1438,85.18277596,0.290842795,0.767752145,0.660164561,0.208134237,3.869274008,0.703883841
B_1296,I_011,C_10,0.5715,38.8849,66.64991002,0.409518422,0.990457677,0.643958193,0.167030768,3.76678192,0.943128326
B_1666,I_120,C_13,0.4497,36.3546,56.5718935,0.608605525,1,0.823505397,0.44231258,4.19900481,0.544489349
B_1261,I_006,C_23,0.3882,16.0014,62.03961761,0.7,0.63187795,0.76463081,0.246880475,4.563431994,0.375738531
B_0488,I_009,C_23,0.4559,32.0698,45.72150206,0.59049232,0.809453424,0.917342391,0.214179285,4.392463582,0.724208211
B_0560,I_052,C_23,0.5359,23.7555,72.41506769,0.506512737,0.784042722,0.798145859,0.170363458,4.102680532,0.786106354
B_1142,I_036,C_13,0.3642,27.6424,76.50208475,0.61622916,0.533580854,0.697460893,0.315850346,3.007435351,0.554519064
B_1120,I_012,C_18,0.5435,23.4409,87.16090749,0.521555667,0.727108431,0.799091839,0.371574226,4.285309648,0.642911114
B_0802,I_007,C_03,0.7432,30.5045,92.51709714,0.263147129,0.715065634,1,0.319385317,3.640177981,0.649692743
B_0513,I_076,C_15,0.3749,21.6313,90.71597153,0.678988271,0.594874992,0.969046645,0.239417514,4.064917519,0.672912243
B_0634,I_101,C_09,0.4691,23.1281,96.84626198,0.598172318,0.614639687,0.553567018,0.264129949,3.920403061,0.976176629
B_1922,I_116,C_13,0.5616,29.0897,65.17019632,0.383758046,0.897789683,0.711892925,0.115554924,3.949882953,0.597721237
B_1788,I_046,C_16,0.4208,31.6374,83.04933449,0.605071581,0.680285973,0.828872861,0.421782891,4.464072791,0.972082624
B_1546,I_091,C_01,0.9088,26.8332,76.9754244,0.05802493,0.857413287,1,0.237559703,4.210287981,0.776548439
B_1151,I_086,C_03,0.3494,22.9693,82.22060873,0.589018717,0.745538193,0.748335452,0.237375929,4.25267721,0.757740727
B_0791,I_107,C_03,0.4806,39.6536,73.5703423,0.533477793,0.923524605,0.697629235,0.424595769,4.059840202,0.86462947
B_0117,I_026,C_08,0.6186,29.9023,77.27435503,0.314650912,0.731514189,0.830198453,0.257179356,3.923559613,0.706548681
B_0741,I_017,C_10,0.6462,19.5489,93.98856707,0.277110691,0.799735433,0.687941591,0.355923494,3.987651987,0.673999726
B_1691,I_060,C_15,0.7160,29.8578,58.37822677,0.254064879,0.581432304,0.612364325,0.116559558,4.859863469,0.545683633
B_1082,I_075,C_21,0.3000,14.9140,63.97891968,0.67137576,0.567818792,1,0.071752879,4.609685265,0.489645582
B_0831,I_061,C_13,0.3134,24.4445,61.31475128,0.7,1,0.74461279,0.217009338,4.096819751,0.707814052
B_0120,I_109,C_01,0.5045,26.9427,61.57513098,0.552017765,0.867921684,0.813474236,0.44155499,4.597096904,0.715990651
B_0657,I_113,C_12,0.3000,29.4617,79.00905907,0.654313263,0.757149906,0.836034959,0.194508156,3.793919014,0.573521677
B_1908,I_079,C_12,0.6082,24.9328,86.70560326,0.393004737,0.837996857,0.672898637,0.266670443,4.715009546,0.819226975
B_0636,I_010,C_19,0.6970,25.3674,85.70444362,0.297745629,0.834681,0.833835844,0.3233253,4.703664318,0.952633174
B_0370,I_113,C_06,0.3018,22.7010,92.98413451,0.639937454,0.609371421,0.670889194,0.303764433,3.648312388,0.888932111
B_0269,I_081,C_24,0.5365,22.8587,72.41789132,0.467858712,0.882850253,0.750944963,0.265947331,4.716351703,0.885331974
B_0656,I_002,C_03,0.8098,25.9856,93.48534682,0.224149224,0.909237948,0.527084883,0.288096933,3.876852151,0.820543163
B_0936,I_046,C_23,0.6760,33.0921,72.73520147,0.33941493,0.717930312,0.837883131,0.390810623,4.191249092,0.569810468
B_0823,I_071,C_07,0.5249,25.4719,70.51978556,0.477424035,0.878835234,0.708014144,0.17390001,4.327421878,0.757526806
B_0867,I_045,C_17,0.4847,20.1777,72.28744822,0.455034272,0.715787779,0.717224673,0.244447679,4.238538874,0.682850719
B_0047,I_047,C_03,0.7503,24.3868,69.86964002,0.162570462,0.676474459,0.873803017,0.333112267,4.251809983,0.998158205
B_1374,I_039,C_06,0.5888,27.5477,85.07897476,0.395900822,1,0.751456826,0.265358702,4.371006777,0.861764387
B_1709,I_094,C_09,0.4472,26.9714,76.01351405,0.538331759,0.489149703,0.788647027,0.193701546,4.457812081,0.887333058
B_0992,I_074,C_03,0.3261,22.5286,69.0519709,0.7,0.703933485,0.646484923,0.215081717,4.35962968,0.696820888
B_0877,I_101,C_13,0.4690,21.5853,60.48788476,0.504975908,0.42783225,0.728360904,0.173112568,4.218295244,0.633637595
B_0774,I_100,C_18,0.3661,26.4789,62.95076119,0.631142071,0.654647885,0.992595875,0.198995066,3.8262836,0.551929911
B_1220,I_098,C_20,0.4370,21.9916,79.03530634,0.57236598,0.770935976,0.848935771,0.166483418,3.848084655,0.811208986
B_2000,I_014,C_20,0.8226,23.7702,76.80707745,0.233777188,0.781113775,0.736784683,0.209668349,3.951240118,0.649561412
B_0005,I_107,C_05,0.6075,27.9000,79.733815,0.47017593,0.876130725,0.62576237,0.290654745,3.989490061,0.764717101
B_1004,I_062,C_15,0.5825,24.4854,89.2646877,0.360718127,0.791414178,0.537162906,0.142102335,4.526614893,0.922161208
B_1724,I_110,C_01,0.7858,25.9987,80.82139218,0.329249746,0.663819643,1,0.288170775,3.803767202,0.697224211
B_0264,I_003,C_20,0.8971,19.9041,82.66365148,0.148819866,0.969839955,0.96100811,0.28931465,4.238999373,0.761964809
B_1570,I_114,C_17,0.6999,25.4309,61.3702104,0.335452628,0.876198833,0.904480588,0.148586801,4.441774003,1
B_1831,I_098,C_14,0.6717,19.7423,55.43186696,0.341661864,0.735983024,0.609097299,0.196016837,3.658715216,0.562579524
B_0444,I_117,C_18,0.8601,31.6216,89.60297397,0.174620218,0.828042309,0.625821585,0.190793333,4.337406185,0.706939523
B_1003,I_004,C_25,0.4153,19.1271,61.92235789,0.599680463,0.947604866,0.554213587,0.366736118,4.321384906,0.783814688
B_1078,I_077,C_21,0.5263,37.5560,75.14112966,0.514978141,0.729711584,0.968074139,0.344599949,3.828159118,0.597382699
B_0838,I_019,C_03,0.4262,30.8152,87.61936076,0.614657004,0.600226607,0.499208254,0.256169334,3.109765168,0.744523472
B_1791,I_054,C_14,0.6072,27.0113,59.94442728,0.441521203,0.938983745,0.736645684,0.232659029,4.434172483,0.444172114
B_0305,I_097,C_01,0.7164,35.5847,70.39438922,0.292711128,0.719189055,0.570584105,0.233651537,4.520644965,0.974095766
B_1366,I_004,C_19,0.5223,26.4842,81.10772015,0.539557965,0.791465777,1,0.187741717,3.842574719,0.663195955
B_1558,I_052,C_16,0.4251,31.1024,70.25413925,0.560787987,0.414241642,0.863543427,0.347450047,4.412987744,0.76419005
B_0314,I_036,C_17,0.5255,21.7683,85.02772893,0.510764845,0.614131529,0.496461726,0.217213561,3.616741571,0.606489687
B_0150,I_012,C_04,0.4889,29.3635,86.53895858,0.512561649,0.630186557,0.55729491,0.082667371,3.549786944,0.857800994
B_1149,I_047,C_19,0.5215,32.0712,75.42396076,0.597456772,1,0.807074728,0.003191346,3.890273357,0.760669048
B_1214,I_041,C_08,0.5203,21.6002,90.82551927,0.482872936,0.651412476,0.557892539,0.281322015,4.293437267,0.864244396
B_0575,I_101,C_23,0.5021,29.6054,76.78553116,0.554512895,0.910168582,0.924228629,0.271633249,3.686356251,0.683974032
B_0051,I_055,C_05,0.6551,28.1445,68.10403749,0.385219222,0.983334952,0.687545561,0.275706915,4.423814753,0.635995365
B_1553,I_051,C_25,0.8076,36.0858,84.08636357,0.161755556,0.590657649,0.895962283,0.340821337,4.842596552,0.801027267
B_0727,I_024,C_17,0.7301,23.4590,82.92512435,0.308701554,0.66608821,0.664393526,0.292342401,4.028251618,0.646848985
B_0834,I_039,C_08,0.5423,25.1449,73.76811006,0.479355177,0.899140401,0.91375582,0.336139904,3.977408333,0.44417606
B_1378,I_051,C_16,0.9073,38.6206,93.84623335,0.044536156,0.815131274,1,0.23124808,4.385694416,0.927368925
B_1116,I_070,C_02,0.3236,33.2780,65.98902539,0.7,0.717790547,0.81242466,0.333560872,3.40702808,0.51696972
B_1167,I_111,C_11,0.6348,19.2327,69.58714937,0.333999121,0.798625603,0.657947998,0.260277907,4.387934113,0.938063867
B_0471,I_067,C_20,0.3000,20.9731,53.1879067,0.7,0.84626453,0.608609902,0.074183546,3.900834589,0.678058579
B_0972,I_105,C_03,0.9800,31.2869,79.70129911,0.02,0.820582734,0.583983822,0.379494825,4.811763553,0.843914807
B_0654,I_080,C_17,0.4550,14.7641,65.99347513,0.571637876,1,0.567863993,0.191387918,3.820006177,0.769110078
B_0400,I_008,C_19,0.6461,32.1620,75.27780516,0.393331721,0.71437648,0.833343681,0.361918698,4.039301513,0.750759761
B_0512,I_014,C_05,0.8217,29.9528,88.95113638,0.173538547,0.860509936,0.791625751,0.147915053,3.981792998,0.996204364
B_0321,I_071,C_22,0.7436,23.3559,87.09309221,0.242655179,0.705012003,0.71361609,0.324961435,3.88400161,0.702201399
B_0020,I_022,C_05,0.7402,23.1020,74.91398387,0.298442631,1,0.6185716,0.242248388,3.667396078,0.593336262
B_0685,I_002,C_11,0.7424,26.7413,76.51946796,0.257047882,0.747576282,0.770785532,0.200450753,4.23433554,0.578434331
B_0036,I_089,C_22,0.4851,22.2005,76.42736502,0.428481292,0.996807403,0.659982233,0.134246944,4.368150862,0.625162238
B_0903,I_072,C_12,0.7273,27.7702,66.64494681,0.245859411,0.885220477,0.797761464,0.255412579,4.489645652,0.821642694
B_1779,I_053,C_20,0.5572,24.6814,71.33599273,0.397533375,0.887034023,0.751791911,0.155845341,4.244685661,0.909222943
B_0828,I_070,C_06,0.4888,23.0031,77.58520455,0.539820148,0.879518858,0.536466074,0.169818849,4.209181743,0.621996475
B_1854,I_051,C_09,0.5428,34.8491,96.46430215,0.558171037,0.84449355,1,0.245327995,4.01467442,0.958759728
B_0408,I_115,C_03,0.4942,24.7291,68.08112229,0.464202613,0.790911074,0.726087795,0.337276504,4.130162878,0.647365441
B_0921,I_100,C_04,0.5379,16.4655,75.94072808,0.512539445,0.546020398,0.620550525,0.15288853,4.664515646,0.794263507
B_0538,I_054,C_21,0.7270,18.4324,75.6618297,0.251934702,0.623427241,0.875435362,0.393775324,5,0.782751194
B_0759,I_071,C_21,0.4417,28.5859,75.94017538,0.513375516,0.677672702,0.600156148,0.344572648,4.548996609,0.828363282
B_1905,I_086,C_25,0.4928,25.3688,100,0.510221715,1,0.721774625,0.145083609,4.94624045,0.706101609
B_1063,I_005,C_05,0.8754,38.8826,83.72283679,0.151133401,0.84031378,0.853533944,0.360859749,4.380827096,0.742015183
B_1200,I_109,C_22,0.7702,18.1041,62.97370093,0.23716122,0.534675425,0.883013817,0.057389188,4.411932747,0.730456241
B_0246,I_044,C_03,0.3036,25.9776,62.68725834,0.7,0.625441475,0.558096574,0.250645313,4.854278617,0.775452633
B_1417,I_038,C_22,0.3000,19.4636,79.53849119,0.7,0.812818137,0.67951432,0.205579098,3.504854665,0.47550782
B_1128,I_027,C_08,0.5768,29.7933,68.10220726,0.384909537,0.961651032,0.729176569,0.190745877,4.136674193,0.538107898
B_0785,I_014,C_01,0.7300,25.4386,75.04893466,0.227539497,0.700956253,0.863127369,0.431560957,3.164351915,0.947315739
B_1743,I_004,C_25,0.5213,19.6694,97.99151235,0.50206248,0.73238767,0.688959325,0.229930174,4.419720348,0.965686685
B_0490,I_118,C_11,0.9480,37.3599,86.56274562,0.057459297,0.561079365,0.947884588,0.245742993,5,0.995278779
B_0155,I_023,C_07,0.4286,19.7264,72.48651311,0.513358246,0.721451807,0.880950996,0.229984534,4.154152303,0.667058389
B_0962,I_026,C_16,0.6335,29.5103,75.96640834,0.325742765,0.704940813,0.921675514,0.132664084,3.86502178,0.814266195
B_0854,I_077,C_08,0.5272,35.7807,78.0527429,0.500594739,0.714730778,0.896033315,0.20597681,4.131736492,0.644121337
B_1312,I_040,C_14,0.6638,34.1333,89.74579759,0.304804117,0.862335193,0.863981295,0.199640846,4.055943715,0.901608938
B_0626,I_090,C_14,0.7656,27.4387,90.68215456,0.233302418,0.715155891,0.640995912,0.288164494,3.56108255,0.911406967
B_0686,I_115,C_16,0.6344,20.8003,77.65673527,0.351606209,0.566604537,0.800822583,0.164088183,4.522270741,0.496540459
B_1562,I_033,C_12,0.7451,32.1807,87.72055938,0.247373299,0.95804909,0.826134405,0.232581911,4.21161398,0.775602874
B_0570,I_019,C_23,0.4329,20.6087,78.24885279,0.42102382,0.808207832,0.868091312,0.369710399,3.594082233,0.606230408
B_1909,I_117,C_06,0.6859,29.7110,90.98182124,0.225928048,0.90005567,0.785782954,0.223743283,4.377812713,0.894461719
B_0018,I_024,C_12,0.5215,25.5406,90.96974761,0.466849341,0.904615295,0.976862003,0.196037658,3.401052108,0.494195309
B_0128,I_009,C_09,0.6714,24.3800,74.76549629,0.329020707,0.817358036,0.974507629,0.0805808,3.986686782,0.563125743
B_1347,I_022,C_13,0.5382,21.3534,74.05504921,0.463103626,0.598939645,0.864701817,0.201193425,4.075354921,0.772939421
B_1280,I_026,C_08,0.6267,22.1476,77.08825433,0.398394637,0.544202282,0.862562396,0.283133245,4.421907644,0.768988903
B_1969,I_013,C_08,0.8648,30.2671,84.92635046,0.170152835,0.716973307,1,0.359299584,5,0.753029077
B_0928,I_033,C_21,0.7047,31.1640,85.44212748,0.200028207,0.909400993,0.813615405,0.251279844,4.267005165,0.65401132
B_0981,I_069,C_22,0.4551,21.2783,82.31572596,0.495766854,0.733322022,0.754440689,0.123167164,3.819014375,0.661616533
B_1965,I_034,C_08,0.6194,21.9672,70.54055894,0.313941714,0.808782138,0.665854098,0.307024766,4.263303778,0.984294677
B_0191,I_004,C_18,0.4161,20.2899,68.40921533,0.552826941,0.765977675,0.799989235,0.167039958,3.59794777,0.795149826
B_1140,I_081,C_05,0.5234,38.0216,78.74181357,0.475316162,0.546369075,0.820939365,0.391214039,4.643889064,0.475404856
B_0993,I_083,C_09,0.3449,17.8800,57.69978929,0.7,0.838770226,0.460885211,0.085129174,4.405474497,0.879029177
B_1956,I_033,C_13,0.7105,29.3922,82.2057478,0.193841853,1,0.890543324,0.356389581,3.755618625,0.703730857
B_1657,I_092,C_11,0.4884,29.9144,84.15044936,0.555845396,0.731887959,0.476183171,0.010209615,3.896696431,0.894737841
B_0607,I_026,C_05,0.6546,30.9551,79.2060073,0.391390403,0.882690329,0.734843678,0.17118773,4.05809732,0.853079129
B_0181,I_090,C_04,0.7863,27.9173,80.51578234,0.253819171,0.919298,0.781001685,0.26375327,3.819303094,0.861517749
B_0302,I_011,C_11,0.5634,27.3113,62.28145446,0.337108286,0.628602617,0.949514566,0.176338735,4.936033528,0.699138171
B_0497,I_099,C_10,0.5228,20.7093,77.30339012,0.52068153,0.707248831,0.717669693,0.223911941,4.384678323,0.668714608
B_1721,I_030,C_11,0.7241,29.8282,79.16293201,0.280456093,0.929995488,0.685445736,0.314806907,4.807964088,0.631847242
B_1710,I_009,C_19,0.3686,24.9156,63.97670813,0.596040292,0.779698281,0.811544706,0.288650168,4.055965963,0.682140276
B_1888,I_089,C_22,0.5418,27.6497,77.70239479,0.400297523,0.556145642,0.611584164,0.270151111,4.395111455,0.738804882
B_1992,I_103,C_04,0.8281,31.4311,85.68789437,0.160240193,0.597392003,0.884403991,0.081028741,5,0.625642498
B_0518,I_098,C_17,0.6735,30.1429,91.26221035,0.292100734,0.544958396,1,0.106737618,4.10049752,0.460407771
B_1985,I_016,C_23,0.4823,27.4616,87.6191727,0.527601652,0.687170569,0.623289259,0.368586195,4.437971536,0.616107758
B_1070,I_017,C_21,0.6742,33.7624,82.60236139,0.28017133,0.918883783,0.700563232,0.273221901,4.412824141,0.677690974
B_0477,I_047,C_25,0.4562,20.8477,86.31762174,0.473140658,0.75624891,0.8036172,0.173040247,3.69757557,0.747414565
B_0158,I_037,C_14,0.9730,28.5827,79.99246065,0.02,0.765721739,0.824671723,0.411968965,4.241294121,0.782838727
B_1244,I_009,C_23,0.8187,26.1115,58.98539682,0.246887605,0.710890401,0.830341592,0,4.522018006,0.959145144
B_1196,I_068,C_04,0.3428,31.5692,72.34646405,0.61823003,0.941652109,0.78813345,0.418983676,4.545566526,0.84586685
B_0017,I_104,C_04,0.3000,17.1665,87.04916082,0.7,0.808636992,0.924737016,0.363461867,3.781781868,0.844980451
B_1536,I_035,C_09,0.4041,21.7588,86.63613628,0.630749539,0.850660781,0.643797641,0.282437077,4.210778157,0.748888183
B_1073,I_069,C_24,0.6690,33.9242,78.14099231,0.422789322,0.982553373,1,0.167362544,4.348016681,0.885560756
B_1972,I_096,C_13,0.6972,27.4534,79.05920199,0.288208557,0.989522783,0.550727277,0.244894977,4.974182732,0.621393711
B_0547,I_108,C_21,0.5984,25.9785,74.82901076,0.389817802,0.618307867,0.836721337,0.054496158,4.133871558,0.378181904
B_1540,I_090,C_17,0.8280,24.8882,70.62358115,0.217781641,0.620455271,0.852762408,0.398763049,4.369408625,0.679919781
B_0659,I_032,C_11,0.4662,24.7920,70.26560243,0.560742836,0.809329569,0.872616882,0.284600673,3.954737085,0.864292441
B_1626,I_103,C_08,0.6568,28.0030,67.21457236,0.40079489,0.81003108,0.959573765,0.176047465,4.726032726,0.994623396
B_1020,I_012,C_02,0.5393,27.2668,76.42495014,0.45769021,0.829498269,1,0.348275147,4.47575722,0.714593466
B_1663,I_088,C_23,0.6418,29.9037,73.00180489,0.433422516,0.660774144,0.512557518,0.229767995,4.155476664,0.409063951
B_1505,I_086,C_25,0.5977,35.5988,90.79412722,0.446306221,0.852544818,0.795424086,0.150108191,3.86084461,0.737514493
B_0960,I_011,C_06,0.7251,25.5772,76.3164201,0.328413675,0.81421294,0.44685926,0.176868924,4.250541175,0.751628702
B_1882,I_118,C_25,0.8957,30.6914,90.33041362,0.083968499,0.968690165,0.934973807,0.400556482,5,1
B_0284,I_044,C_25,0.3159,16.7792,65.1363644,0.616316545,0.768537981,0.397085679,0.350795974,3.430403622,0.421977213
B_0798,I_058,C_22,0.8455,27.1801,87.01345775,0.170663036,0.976261051,0.81387804,0.028608419,3.849117581,0.805336171
B_1627,I_003,C_18,0.6837,21.3568,93.75392428,0.346099376,0.580266183,0.645155531,0.250864841,4.328589396,0.886590689
B_0226,I_103,C_22,0.7783,27.0357,74.77810864,0.176870373,0.942840096,0.700377744,0.286395644,4.546025603,0.928984629
B_0027,I_002,C_11,0.8010,33.3410,68.77053283,0.145314116,0.917138001,1,0.287416752,3.577841869,0.855642973
B_1771,I_057,C_06,0.7178,35.3603,92.04688343,0.241757169,1,0.873984593,0.193286225,4.495359579,0.927476089
B_0438,I_017,C_19,0.5032,27.0039,86.42197681,0.534557865,0.820777839,0.536908001,0.272131884,4.364124993,0.741577598
B_1949,I_113,C_24,0.3697,15.3789,65.00494781,0.685124778,0.639942143,0.858667166,0.266675476,3.631026051,0.824144377
B_1389,I_119,C_11,0.5588,25.3382,79.0336823,0.413888892,0.700068881,0.814537294,0.094069722,2.987448404,0.60463259
B_0230,I_027,C_12,0.4433,24.9078,69.23875575,0.481467482,0.773133074,0.741484298,0.310312188,3.430429446,0.789744401
B_0038,I_091,C_19,0.7610,33.9449,90.1463412,0.362284659,0.706859853,0.842505784,0.118535661,4.59745787,0.70202036
B_0750,I_019,C_12,0.4218,21.7748,75.1394302,0.461070321,0.650916772,0.857246983,0.318377185,4.680324824,0.785677714
B_1046,I_082,C_05,0.7386,39.7225,75.87995708,0.272593196,0.390169229,0.756937638,0.164727183,4.48740652,0.827533115
B_1399,I_006,C_15,0.3591,13.8132,58.12547574,0.601065348,0.789339622,0.676199795,0.106191603,3.199969811,0.994347602
B_0470,I_058,C_25,0.7596,35.0883,80.71221945,0.156646888,1,0.774167423,0.245155144,3.996242845,0.819867888
B_1693,I_002,C_12,0.6527,27.0054,78.24287935,0.343789468,0.794700127,0.658655012,0.299631083,4.409360587,0.756500357
B_1968,I_013,C_12,0.7685,29.0894,100,0.264696762,0.619166145,0.854665756,0.262485392,4.33011196,0.961292383
B_0688,I_035,C_06,0.6218,22.0872,78.45704732,0.368300791,0.743165698,0.701735246,0.233348387,4.35744413,0.789453814
B_1844,I_104,C_21,0.6932,22.5548,65.96731255,0.22537658,0.834182359,0.72428497,0.309002236,3.520382137,0.652762072
B_0640,I_034,C_24,0.6904,31.5827,73.01656028,0.335697979,0.953659602,1,0.333423404,4.420271394,0.729194857
B_1713,I_044,C_11,0.3000,18.1914,72.5572603,0.616391829,0.376909099,0.687277795,0.330164049,4.44661642,0.497530367
B_1219,I_064,C_20,0.4500,32.6589,87.0455434,0.546385392,0.606198181,0.81619471,0.259679725,4.532767669,0.60898152
B_1159,I_109,C_04,0.5037,23.1451,77.73481668,0.499548542,0.846617674,0.57811762,0.170135194,3.815437626,0.901447975
B_1416,I_029,C_17,0.5138,28.9589,83.62133025,0.412883727,0.761726406,0.703245105,0.230192768,4.791713566,0.654063366
B_1528,I_053,C_07,0.4913,19.9116,83.95252341,0.533222375,0.335832849,0.500812341,0.162058533,4.390570221,0.697106857
B_1656,I_097,C_12,0.5470,24.1162,86.95767399,0.444833434,0.744720058,0.730087568,0.409791907,4.95686275,0.716800814
B_1301,I_033,C_09,0.7267,34.1137,100,0.275851826,0.825731505,0.987243062,0.393701166,4.627381322,0.640674945
B_1823,I_083,C_09,0.4151,24.3155,78.08469376,0.589081964,0.608467777,0.569616024,0.147784937,4.001600879,0.898674499
B_0801,I_102,C_15,0.6944,32.1733,99.44973525,0.186094205,0.874822285,0.884909204,0.244087866,4.929240998,0.807679244
B_1604,I_040,C_18,0.7569,26.4562,77.95702205,0.350173789,0.916601627,0.984271287,0.349027881,3.317604132,1
B_0161,I_104,C_17,0.4939,21.1400,80.315625,0.525606119,0.549282318,0.557675641,0.21926092,4.237522808,0.491334696
B_0957,I_096,C_24,0.5253,23.7203,76.4441163,0.415225656,0.920573383,0.977297396,0.137144219,4.489993472,0.727426566
B_1187,I_103,C_04,0.7414,34.9570,84.05043671,0.182327852,0.691368255,0.901370227,0.255974826,4.157861176,1
B_0822,I_017,C_11,0.6805,27.8515,95.61763249,0.322395431,0.82984877,0.782528633,0.169345034,4.548558134,0.696663483
B_1682,I_007,C_20,0.6810,24.9195,62.97581013,0.196440616,0.578966237,0.660398096,0.110457119,4.261106796,0.439998972
B_0878,I_036,C_15,0.5352,24.7185,82.50623983,0.416299069,0.602669231,0.619758183,0.247361983,4.996248444,0.912940305
B_0914,I_058,C_21,0.7919,29.3025,81.80696782,0.199843935,0.674649014,0.986927866,0.355618553,4.820456218,0.894666159
B_0153,I_048,C_13,0.6697,30.6092,79.61236682,0.356335067,0.818011771,0.501865629,0.135294869,4.118725994,1
B_1871,I_012,C_15,0.6246,16.3124,79.37435589,0.38824166,0.508199843,0.750890752,0.123001122,3.905758401,0.623331719
B_1777,I_012,C_19,0.5430,16.1797,79.31100484,0.442161716,0.784475099,0.707240503,0.364806812,3.208326141,0.656055477
B_0510,I_110,C_25,0.6068,31.2216,72.00709208,0.364723488,0.724080341,0.952737929,0.269765597,4.629679168,0.791642961
B_1136,I_107,C_05,0.6353,34.3094,88.03329573,0.380325239,0.827217236,0.77671942,0.272384799,4.599905501,0.72011339
B_1251,I_036,C_22,0.3811,14.5641,60.65857413,0.598996681,0.819851609,0.700248645,0.437669036,4.346096448,0.65100289
B_1684,I_023,C_18,0.4356,20.8053,77.04310568,0.63156456,0.593683125,0.663322649,0.192345757,4.624388807,0.907972057
B_0104,I_015,C_16,0.6734,24.7076,100,0.311865827,0.736896739,0.848825464,0.25703908,4.842547703,0.897466499
B_1446,I_047,C_04,0.4411,24.3076,82.18315044,0.586591527,0.659202167,0.952160472,0.171172441,4.04627492,0.845144072
B_1444,I_005,C_24,0.9108,22.5249,89.33706948,0.085333627,1,1,0.474923904,4.682388348,0.81963561
B_0587,I_034,C_10,0.7068,38.8078,100,0.342637285,0.796036114,0.856987109,0.283897984,4.290193744,0.943993389
B_1769,I_085,C_24,0.7851,30.0165,86.59604363,0.201323662,0.868564256,0.397790335,0.23674827,4.584962624,0.880200999
B_1144,I_008,C_25,0.7745,34.5801,100,0.227488402,1,0.844510635,0.231531309,4.712185264,0.796799993
B_0054,I_003,C_23,0.6084,29.5663,72.3377888,0.400894229,0.847058656,0.845193596,0.221669384,4.711707959,0.691214252
B_0152,I_033,C_14,0.6210,30.6433,86.38143723,0.39158093,1,0.802066223,0.051880023,3.199157803,0.672929241
B_0404,I_033,C_09,0.7076,33.1425,77.69197844,0.299001954,0.750538263,0.399539488,0.242225929,3.889372933,1
B_1943,I_055,C_09,0.5131,31.7146,84.47973241,0.386945036,0.922545823,0.662414912,0.239693607,4.544377638,0.765911545
B_0208,I_066,C_23,0.7969,38.5555,93.46184209,0.241924904,0.527579786,0.722324835,0.367225737,4.959055986,0.702593411
B_1895,I_026,C_24,0.6354,25.2344,80.66425764,0.252713877,0.644732249,0.954218409,0.400252515,3.648607105,1
B_1123,I_034,C_11,0.8525,25.5136,90.42874127,0.099128892,0.633097717,0.605482503,0.311907565,3.898170115,0.757477396
B_1891,I_059,C_03,0.4808,30.6057,87.32107704,0.488057405,0.665909696,0.600693705,0.283633834,3.896346654,0.68150428
B_0009,I_103,C_21,0.9800,35.3614,68.72229447,0.037790817,0.74784899,0.910388182,0.328894781,4.607800574,0.937812727
B_1015,I_034,C_23,0.8353,35.8467,77.60326143,0.242457278,0.883956522,0.872069202,0.247108832,4.843585366,1
B_1907,I_014,C_17,0.6718,27.9077,81.97929823,0.390260134,0.767059835,0.753889954,0.301186632,4.247279089,0.834829155
B_1061,I_051,C_05,0.7422,29.4940,76.80336562,0.249978836,0.907761538,0.721640257,0.264421895,4.916226368,0.75994809
B_0453,I_053,C_23,0.6748,26.3546,87.31445897,0.314872064,0.94635923,0.774230011,0.251919198,4.432009984,0.635522948
B_0254,I_105,C_16,0.8260,36.3030,69.83821949,0.132823556,0.948748758,0.908444704,0.204909898,4.775369161,0.681026754
B_1328,I_095,C_15,0.3051,18.3144,79.52862809,0.675518212,0.717574246,0.876954587,0.211638214,4.170634697,0.619102341
B_0897,I_057,C_08,0.6927,21.1342,90.78270725,0.313275502,0.811839765,0.914325232,0.450307624,4.255948541,0.889158289
B_1734,I_066,C_06,0.6118,29.4260,96.55834636,0.44736128,0.962004021,0.611404141,0.130102854,4.651462327,0.883031267
B_0881,I_020,C_16,0.5582,26.3115,66.3253601,0.343518069,0.70045968,0.768417947,0.268368016,4.020936463,0.649259312
B_1596,I_032,C_10,0.3491,22.0097,76.97269379,0.569205529,1,0.902197807,0.086645782,4.365116611,0.799102408
B_1889,I_012,C_12,0.4822,23.0514,80.9469071,0.50353418,0.825951457,0.668945648,0.240124367,3.897329207,0.797088803
B_0624,I_076,C_02,0.4746,27.8880,82.27992721,0.584775584,0.751486815,0.660480518,0.058000637,4.655245199,0.744817997
B_0346,I_113,C_23,0.3000,25.4771,74.45326474,0.7,0.4490169,0.794303995,0.272404456,4.269383147,0.737412117
B_1703,I_119,C_24,0.7339,14.6291,80.15940155,0.21184649,0.729244523,0.650705081,0.158654432,3.989280017,0.909851978
B_0263,I_002,C_18,0.6738,30.4605,99.38317398,0.304150291,1,0.794513858,0.170645124,3.595308916,0.757152754
B_1635,I_087,C_03,0.7196,32.4438,87.39828424,0.258138103,0.816206714,0.839649508,0.27257395,3.800587841,0.905727992
B_1322,I_015,C_23,0.6860,25.0407,92.60176661,0.338283778,0.887178126,1,0.170878971,4.923369832,0.84875277
B_1439,I_052,C_07,0.5848,26.0011,70.18780924,0.384498014,0.626906953,0.800131319,0.167658252,4.721479161,0.66075764
B_0151,I_034,C_02,0.7869,40.0000,100,0.192925968,0.732324666,0.610385076,0.327945557,4.447985663,0.967522793
B_0473,I_046,C_07,0.6136,30.0044,78.77550787,0.263756073,0.704096396,0.752341652,0.129056135,3.545347263,1
B_0641,I_052,C_22,0.5226,30.2036,84.33464921,0.506067181,0.57405924,0.530872786,0.294839645,4.268208418,0.59646019
B_1983,I_108,C_13,0.6115,22.3885,78.20062136,0.377871585,1,0.850776511,0.329661725,3.982313423,0.843229456
B_1883,I_080,C_19,0.4450,19.9427,71.75583983,0.615337827,0.393339277,0.865613228,0.210586552,4.205354519,0.619092236
B_0551,I_006,C_02,0.4971,22.5006,79.51692566,0.417137677,0.946532162,0.731312275,0.154574229,4.185009178,0.855995107
B_1780,I_071,C_17,0.7184,29.8462,79.07994546,0.166402482,0.806389618,0.780856785,0.263238874,4.148647262,0.666158154
B_0929,I_117,C_02,0.6113,26.4854,85.31029416,0.520341353,0.680944782,0.728331063,0.175776595,4.348356675,0.686639815
B_0489,I_043,C_15,0.8085,23.2485,83.02569204,0.283870509,0.807263367,0.724623914,0.151879645,4.018610418,0.583640612
B_1812,I_055,C_08,0.7152,22.9255,92.35574465,0.34923925,0.778740166,0.749724089,0.147009157,4.903569193,0.772945536
B_1172,I_109,C_10,0.5822,27.1856,84.94989663,0.521484086,0.774423376,0.584592327,0.228972508,4.079774798,0.707454069
B_0147,I_007,C_21,0.7443,36.6620,94.80899141,0.317527456,0.861585056,0.67686587,0.415065632,4.033066901,0.67461636
B_1705,I_020,C_21,0.7307,25.2309,67.39024457,0.171369872,0.753747944,0.773686727,0.076976621,4.242175474,0.810392527
B_1929,I_017,C_14,0.4665,30.5649,64.28008272,0.463019715,0.860248129,0.976431037,0.312259724,5,0.752798254
B_0403,I_017,C_24,0.5130,21.0554,85.7407059,0.487334615,0.98177209,0.940618316,0.399373957,4.794259323,0.721042981
B_0955,I_065,C_13,0.5162,24.9400,71.60188608,0.523029392,0.586554142,0.802646738,0.15284196,3.737221496,0.587097555
B_1878,I_021,C_21,0.5812,26.3478,97.86288601,0.434990973,0.939067352,0.709598387,0.302107558,3.942212023,0.80528599
B_0660,I_091,C_03,0.8655,30.7364,97.06334476,0.088630892,0.850378151,0.997373743,0.402679108,4.366410567,0.652242891
B_1373,I_072,C_12,0.4958,20.7873,64.42131458,0.582671413,0.923978075,0.94874587,0.067636617,4.175428184,0.836253114
B_0464,I_067,C_09,0.3000,23.8117,69.52314189,0.7,0.779031174,0.819504706,0.168966175,3.738452178,0.64704838
B_1350,I_093,C_23,0.8049,24.7343,72.76509509,0.240746344,0.857387629,0.609464461,0.292442479,3.980048496,0.785859607
B_0187,I_103,C_22,0.6664,33.3218,78.43782176,0.27402548,0.655576393,0.876278216,0.501193974,4.045416368,0.879219872
B_1148,I_079,C_13,0.8485,24.8627,74.27663859,0.184239989,0.638591117,0.703884792,0.386033798,4.301786416,0.725533864
B_1225,I_070,C_17,0.3278,22.6527,60.42879033,0.695424019,0.45297515,0.611401638,0.253187925,3.783686382,0.934774345
B_0609,I_051,C_02,0.8265,26.8088,68.15339453,0.160494025,0.895524875,0.877563722,0.099959865,4.821243657,0.831261335
B_0144,I_103,C_10,0.6606,28.3332,86.71598053,0.248383812,1,0.599496119,0.197570753,4.285819646,0.797291497
B_0752,I_100,C_13,0.5503,25.6120,66.98391821,0.506589175,0.808829775,0.741156153,0.320560587,4.112608017,0.735976967
B_1535,I_041,C_11,0.6785,34.8840,94.08008892,0.337440679,0.953955246,0.882740904,0.227432058,4.216757477,0.854869836
B_0982,I_095,C_01,0.3920,22.4070,63.10753869,0.555630349,0.672859884,0.7439892,0.164124234,4.389258695,0.759246873
B_0198,I_043,C_20,0.5272,22.1631,64.06838032,0.460076228,0.814160059,0.795752913,0.23959688,4.234727109,0.645295734
B_1634,I_097,C_16,0.6561,22.1287,78.97394185,0.316343773,0.677896962,0.69759034,0.234571057,4.007044367,0.698315453
B_0884,I_047,C_23,0.6356,28.3583,61.46768837,0.326835952,0.922465232,1,0.193351838,4.44974195,0.713712505
B_0280,I_001,C_04,0.4252,25.9281,70.30692491,0.579021521,0.781238184,0.820816885,0.30159008,4.594004176,0.625152368
B_0294,I_017,C_17,0.5365,26.3103,53.46447753,0.398236564,1,1,0.195355076,5,0.564139796
B_1824,I_099,C_14,0.7190,26.2380,86.16706221,0.284664736,0.825750866,0.730488558,0.176176903,4.398826966,0.68578663
B_0401,I_007,C_22,0.7640,31.3289,79.84913055,0.237730861,0.793698236,0.518990587,0.446523662,4.659857759,0.99514823
B_0123,I_015,C_19,0.8906,32.8385,75.83650183,0.150244808,0.931695493,0.76552335,0.365796832,4.509020353,0.796297202
B_1208,I_008,C_17,0.7324,23.5384,83.05457633,0.170480715,0.588606327,0.819173498,0.338507662,3.694490838,0.676002003
B_0203,I_071,C_06,0.6732,26.7807,50.01574872,0.286344073,0.871040449,0.687707295,0.380502306,4.61688886,0.85961284
B_1463,I_074,C_03,0.3846,20.2994,76.95025061,0.605872112,0.901708038,0.82595308,0.240844176,4.067411252,0.573737223
B_0836,I_074,C_01,0.3000,25.4441,71.81564965,0.7,0.549512118,0.849134936,0.221320595,3.829862286,0.606204131
B_0247,I_024,C_17,0.6710,29.7487,83.67175935,0.316367397,0.88944379,0.738833291,0.422403172,3.723217864,0.81974367
B_1440,I_056,C_07,0.6778,39.0054,92.16559494,0.299251972,1,0.878749257,0.176428536,4.261205672,0.962683524
B_1754,I_085,C_14,0.6918,27.8667,94.77802386,0.264408741,0.636284862,0.770902095,0.133209806,4.056103869,0.64188596
B_1902,I_023,C_06,0.4189,27.6366,85.09750241,0.507454363,0.620579999,0.734529689,0.390336201,4.695249229,0.656047655
B_1708,I_038,C_02,0.3000,21.8794,67.36050566,0.636494217,0.816672683,0.812439903,0.017835924,4.652802009,0.564902617
B_1881,I_101,C_20,0.3000,17.6498,72.45721773,0.7,0.568147442,0.71002232,0.337196316,3.736226219,0.682310796
B_1154,I_028,C_05,0.5978,23.2589,72.84670254,0.345831438,0.703497713,0.423162618,0.273201948,4.520351249,0.814465155
B_1662,I_096,C_13,0.6783,28.3131,69.65574082,0.267801687,0.902177581,0.757689456,0.412443647,4.603607663,0.982741813
B_1427,I_010,C_14,0.9800,32.3382,95.41533383,0.148487292,0.930259,0.829926379,0.375593673,4.590839018,1
B_0385,I_066,C_19,0.8987,33.2490,89.05277057,0.075173692,0.700031639,0.887812896,0.401256683,4.100745308,0.833415849
B_1759,I_034,C_09,0.8128,35.1399,88.15768469,0.230733205,0.825945449,0.789515592,0.448195313,3.709630488,0.899092817
B_0855,I_092,C_18,0.5264,26.1680,68.74831095,0.498673389,0.692812962,0.720968905,0.182543632,3.721777258,0.676956195
B_1590,I_094,C_25,0.4626,36.0598,73.79541928,0.434959829,0.612956825,0.92960433,0.044479209,4.034016742,0.644042267
B_0220,I_030,C_11,0.8398,21.9150,80.53254035,0.081022389,1,0.608563435,0.392875206,4.89361437,0.923890785
B_0642,I_095,C_07,0.3549,29.4897,55.08625346,0.587065741,0.466547501,0.795721838,0.514347147,4.137068535,0.663224036
B_0002,I_052,C_18,0.5215,20.1281,83.51795474,0.52108302,0.5997348,0.84859869,0.224903785,4.027767107,0.610925089
B_0113,I_082,C_03,0.6427,32.7408,97.87621452,0.440242561,0.699382594,0.803391037,0.191054948,4.413990302,0.857627582
B_0699,I_105,C_15,0.8413,27.7771,90.21518917,0.194620252,1,0.853661081,0.200125331,3.618402949,0.772171177
B_1916,I_059,C_17,0.4657,29.3058,80.89484267,0.559400663,0.529730161,0.589792621,0.224434027,3.988586597,0.792052967
B_0952,I_120,C_10,0.4589,24.2816,70.43767302,0.47001169,0.648447935,0.96993342,0.159985559,4.398379886,1
B_1649,I_059,C_05,0.4518,23.9537,78.52877329,0.506891127,0.75082833,0.754325805,0.263027964,4.454187671,0.770637439
B_1637,I_092,C_03,0.4720,26.5206,70.15168548,0.450653014,0.607014509,0.751366426,0.357156696,4.662764446,0.822285335
B_1886,I_025,C_07,0.7265,40.0000,84.36004768,0.203210428,0.932897769,0.452077526,0.189290576,4.182377352,0.900581459
B_1411,I_116,C_10,0.5524,29.7439,77.56833805,0.391081951,0.675670097,0.810965686,0.31585535,4.118067078,0.768230006
B_1410,I_033,C_20,0.6458,16.8549,100,0.341012044,0.728378297,0.745964993,0.062117246,4.614114499,0.590346391
B_1534,I_026,C_02,0.6214,14.8409,68.16812261,0.340372013,0.745667879,0.766994753,0.187537226,3.511479003,0.612200358
B_1292,I_014,C_10,0.7464,22.4735,82.83126803,0.260834267,0.982892062,0.568434045,0.129920786,3.699781552,0.803054913
B_1809,I_099,C_06,0.8072,22.9831,82.83002277,0.133506319,0.886259327,1,0.323568349,4.682124247,0.737205666
B_0442,I_093,C_03,0.7072,27.6544,77.66267931,0.31716903,0.65023548,0.954831515,0.300509995,3.897143097,1
B_1521,I_055,C_09,0.6690,30.5679,72.1489782,0.235684493,0.728071132,0.559172418,0.456927315,5,0.654009552
B_1137,I_063,C_12,0.6831,32.9156,72.11365319,0.330772776,0.926690922,0.792640363,0.068795189,3.685602074,0.899331105
B_1716,I_086,C_16,0.4252,17.9161,75.7907969,0.623456935,0.821664105,1,0.312815458,4.526928573,0.828056674
B_1257,I_092,C_20,0.6588,28.0721,83.84308246,0.342124712,0.977060006,0.812521266,0.186051573,4.214162314,0.651372689
B_1864,I_061,C_23,0.4746,25.5045,76.73339778,0.522950413,0.766983143,0.548785251,0.254310799,4.242668811,0.537302579
B_1632,I_110,C_02,0.6970,27.5118,71.10683948,0.379645817,0.727421193,0.750675779,0.232590929,3.659571401,0.869121501
B_1696,I_069,C_24,0.7426,32.5145,83.27593176,0.257939933,0.584831086,0.915756925,0.513048715,4.484734147,0.74185001
B_1398,I_070,C_16,0.4202,21.0145,72.51860532,0.592847263,1,0.568214399,0.228601507,4.183242192,0.657441928
B_0664,I_050,C_10,0.3132,30.1604,67.24417145,0.7,0.783032368,0.560009352,0.063252178,3.742766287,0.69739627
B_1836,I_073,C_16,0.4233,28.6133,51.43000817,0.48298935,0.552763673,0.79151388,0.03050333,3.213484477,0.684990861
B_1258,I_075,C_18,0.3373,17.0375,64.44963213,0.7,0.674087307,0.627366662,0.155602989,3.577367968,0.57774293
B_1774,I_091,C_21,0.8235,38.2749,85.09100394,0.181702257,0.637251641,0.851735635,0.188417999,4.439888143,0.892001311
B_1701,I_067,C_16,0.4094,21.4011,81.72631738,0.647221606,0.671663368,0.627888322,0.318334416,3.580374969,0.733861191
B_0318,I_019,C_15,0.7180,30.8303,66.49296055,0.235667848,0.643313085,0.765285399,0.386942456,3.914291126,0.824763445
B_0649,I_069,C_15,0.6232,31.0423,70.60285795,0.464195482,0.687174781,0.979307745,0.18130977,4.300144074,0.882041223
B_1435,I_047,C_05,0.4770,29.1180,61.06963631,0.448934246,0.562312426,0.86775147,0.159344789,4.21565931,0.870023766
B_1480,I_097,C_11,0.7228,31.2577,78.26659083,0.403595043,0.768616915,0.842807441,0.224923785,3.022082571,0.73722387
B_0710,I_089,C_22,0.4824,25.0204,85.89428638,0.496644759,0.651217367,0.651547199,0.336311189,4.331386836,0.648209066
B_1383,I_015,C_23,0.8550,26.3312,83.4243667,0.169995176,0.980553312,0.847390975,0.139143787,4.457997354,0.556783975
B_1283,I_019,C_08,0.5435,21.7137,70.26799026,0.466348239,1,0.504822296,0.301484394,4.569586192,0.698217359
B_0973,I_099,C_18,0.6133,35.8858,59.58140662,0.344377453,0.950695028,0.552578905,0.264771766,4.303243845,1
B_0628,I_048,C_06,0.6095,31.7051,91.83063488,0.343347841,0.714836573,0.971283127,0.391038732,4.429714526,0.730397734
B_0633,I_094,C_13,0.6569,25.8294,83.82103049,0.238007145,0.755351535,0.7460733,0.199414711,3.378449941,1
B_1307,I_023,C_22,0.4343,21.9351,63.51287219,0.511279113,0.73478897,0.666071926,0.215976592,4.486765884,0.668832172
B_1401,I_007,C_06,0.6242,25.3716,94.72228932,0.36409241,0.918676952,0.81317401,0.36303868,4.371478212,0.708359182
B_1409,I_029,C_25,0.4559,28.9847,76.43380351,0.521918925,0.828666429,0.883229843,0.373555315,4.14674568,0.794767398
B_1249,I_040,C_11,0.6904,28.2142,98.24017916,0.419411013,0.636905966,0.995091753,0.05822035,4.056137923,0.771320923
B_1953,I_025,C_23,0.7160,20.4391,76.55353378,0.350315154,0.799813077,0.836938439,0.23826907,4.569278453,0.827029812
B_1255,I_066,C_21,0.8282,30.1951,95.81925727,0.223786561,0.743144247,0.855367851,0.313259897,4.008525605,0.759712078
B_1497,I_031,C_15,0.6730,28.2856,76.2347213,0.30430677,0.803210695,0.87182268,0.244990124,4.459995048,0.711633777
B_1372,I_040,C_13,0.4739,22.6215,86.78095164,0.604311549,0.925201321,0.783679917,0.227326749,4.771834811,0.643183678
B_1530,I_074,C_23,0.3155,26.7617,80.564375,0.7,1,0.8304176,0.134250513,4.043770245,0.532260923
B_1664,I_078,C_21,0.5491,31.1780,67.0144459,0.45610655,0.730629445,0.523135389,0,3.619748378,0.726902481
B_1355,I_014,C_24,0.6403,28.8693,78.51679811,0.360616506,0.961621855,0.666019767,0.242984029,4.264836064,0.820052171
B_1926,I_059,C_13,0.5472,23.9229,74.27094178,0.442362963,0.560937931,0.641308146,0.120627396,4.086750478,0.506291132
B_1901,I_017,C_23,0.6649,25.8056,84.70852992,0.258534612,0.730971075,0.438605089,0.153864168,4.613665626,0.889083117
B_1644,I_057,C_23,0.7045,30.2224,86.55613374,0.34783828,0.823969477,0.871761172,0.235017713,4.013900529,0.798461191
B_1849,I_003,C_05,0.9272,38.0659,97.25827186,0.091252407,1,0.88944838,0.187974593,4.280071079,0.735138019
B_0796,I_009,C_21,0.5620,32.5426,84.46316959,0.463938765,0.600571383,0.783458103,0.260197256,4.639882162,0.642649488
B_0646,I_096,C_01,0.7429,37.4322,89.01238996,0.298503897,1,0.501316629,0.171183438,4.874536338,0.965561329
B_1013,I_039,C_11,0.5810,35.5326,78.86074319,0.478246189,0.868355238,0.751734743,0.29564144,4.292023514,0.840593538
B_1840,I_001,C_03,0.5138,27.2816,76.33315217,0.522610782,0.790523231,0.93316575,0.181690921,3.929713908,0.869538449
B_0557,I_099,C_15,0.6472,38.6161,70.05027454,0.352234667,0.754429761,0.90274187,0.151380577,4.624380106,0.981093648
B_0682,I_012,C_12,0.4058,25.3223,73.19340416,0.7,0.764083825,0.945290012,0.199610143,3.788542244,0.623516214
B_0578,I_062,C_05,0.4364,22.2695,87.75092935,0.552115661,0.724858419,0.838981851,0.18927268,4.529261833,0.721730238
B_1110,I_082,C_09,0.5964,31.6367,81.15313315,0.366612965,0.97105896,0.760400037,0.430973759,4.578290221,1
B_1267,I_051,C_05,0.7749,34.3248,88.56860373,0.193410627,1,0.674240523,0.368454845,4.952662007,0.935568474
B_1723,I_059,C_03,0.5556,31.8842,70.86122235,0.47295802,0.993805239,0.698443657,0.290408122,3.507219756,0.634905731
B_1184,I_039,C_03,0.5844,28.1622,73.02944887,0.440171481,0.920767409,0.722148106,0.284574766,4.639719182,0.810566793
B_0525,I_025,C_12,0.6712,30.2140,75.87005059,0.352936719,0.726250789,0.811814739,0.303529012,4.38333242,0.890708081
B_1060,I_106,C_07,0.6013,34.8706,77.62060435,0.439327127,0.97264301,0.77226928,0.241695205,4.489321645,0.680348511
B_0541,I_101,C_17,0.4543,23.3913,85.79080818,0.521457384,0.733871704,0.610413635,0.223296088,4.413669832,0.44646709
B_1195,I_025,C_21,0.7072,35.1881,87.09543417,0.277196727,0.873909588,0.59580765,0.572292722,4.510950113,0.959849893
B_1679,I_082,C_05,0.6166,29.5322,95.82239951,0.368170478,0.729926809,0.625801921,0.307542635,4.393440399,0.957367724
B_0749,I_059,C_01,0.4356,29.0988,77.24250242,0.526670445,0.584314299,1,0.221161999,3.816093031,0.697412509
B_1852,I_108,C_01,0.7257,32.5491,93.67089608,0.317180516,1,0.81680218,0.284007012,3.858777029,0.759949353
B_1431,I_118,C_20,0.6452,25.4778,91.39868325,0.389709951,0.960389187,1,0.080794663,4.895278083,0.847369652
B_0485,I_017,C_24,0.6529,31.3126,86.77309297,0.384846139,0.678586124,0.628310607,0.326834424,4.48978899,0.910548339
B_1758,I_038,C_07,0.4040,19.7577,86.0728483,0.653292108,0.594297599,0.535528415,0.266970415,4.332617118,0.661303849
B_0096,I_044,C_15,0.3314,20.3396,55.03489555,0.7,0.56946483,0.615825699,0.284278279,4.244354596,0.476889256
B_1021,I_065,C_10,0.4865,23.8602,95.7597016,0.543826543,0.677225863,0.565365202,0.472025685,3.933326187,0.717947488
B_0564,I_106,C_23,0.4514,24.1849,100,0.547355641,0.709087797,0.486339791,0.227825735,3.997078336,0.540529788
B_1265,I_120,C_22,0.5380,36.5340,80.90641893,0.462939098,0.760515727,0.957019989,0.030181416,4.157183633,0.741565686
B_0743,I_062,C_04,0.4388,31.5735,70.9349336,0.504821154,0.797051439,0.929881945,0.257612766,3.797468147,0.838139475
B_0864,I_006,C_12,0.4760,28.4110,57.95506243,0.508472239,0.776697484,0.433630822,0.139509363,4.112784298,0.892252189
B_1599,I_049,C_06,0.6569,26.8956,86.78438774,0.307855616,0.721050744,0.758200095,0.219934734,4.567592662,0.693832578
B_1715,I_116,C_23,0.6240,25.8997,66.27251401,0.355864314,0.778802073,0.936568117,0.269746418,4.094434244,0.804520403
B_1485,I_076,C_21,0.5199,14.6662,70.94969892,0.545973372,0.67087067,0.711975998,0.379431853,3.985933212,0.401767954
B_0892,I_054,C_03,0.8348,29.2485,66.77176076,0.13532404,0.787933127,0.834367502,0.265423878,3.984023839,0.637794633
B_1578,I_020,C_15,0.5472,28.4039,93.98819323,0.465716468,0.741590757,0.482436712,0.082517096,4.812950686,0.799527166
B_1039,I_103,C_16,0.8295,25.1229,86.88826918,0.103708506,0.663858759,1,0.13255227,4.669381859,0.813024523
B_0207,I_028,C_11,0.4568,26.0365,90.05794279,0.511358927,0.867318205,0.843029946,0.256291391,3.836084836,0.817951636
B_0393,I_068,C_21,0.4837,25.2581,76.45747039,0.427978876,0.774858184,0.764101416,0.208215765,3.599622456,0.668105623
B_0795,I_076,C_23,0.6075,20.4977,79.20557236,0.389354481,0.977641059,0.68392061,0.185125156,4.225524802,0.89027296
B_0871,I_047,C_20,0.5599,22.5018,84.4549578,0.476945368,0.480096459,0.608646552,0.353359001,4.060381418,0.805434958
B_0398,I_020,C_06,0.5285,31.0391,66.53796557,0.438377287,0.825030804,0.94619737,0.254737277,4.010444339,0.426542091
B_0767,I_117,C_10,0.7545,27.3420,78.31149563,0.271176074,0.827840181,0.855690954,0.109229437,4.537967375,0.65283664
B_1842,I_061,C_14,0.5388,20.3710,65.34708878,0.484672498,0.768993162,0.714985976,0.239467447,3.638739912,0.575540208
B_1242,I_024,C_14,0.5974,40.0000,84.05170437,0.454282409,0.756557923,0.892592978,0.362507952,4.976206539,0.896840632
B_1029,I_112,C_23,0.4290,29.7401,81.21569528,0.517169805,0.651895942,0.719500701,0.259743025,3.817245529,0.572727558
B_1793,I_065,C_03,0.5362,25.6996,59.70639621,0.473510909,0.891939728,0.731905469,0.362165327,3.955932279,0.586677912
B_0643,I_010,C_25,0.9800,35.6465,100,0.02,0.990220757,0.810882091,0.310926554,4.698923762,0.969328541
B_1892,I_026,C_22,0.4382,25.1959,88.03089622,0.531719167,0.872271261,0.731836552,0.294580942,3.875885205,0.84212196
B_0613,I_029,C_01,0.6305,26.9476,89.93277203,0.316572664,0.553741198,0.580769837,0.186932858,4.002801546,0.437006172
B_1763,I_102,C_18,0.6667,28.7506,93.59054917,0.323027819,0.908849295,0.603838282,0.334725183,4.310127861,0.787434235
B_0961,I_085,C_03,0.5889,30.1852,79.80245753,0.433529492,0.823886732,0.59400669,0.22383367,4.116190444,0.735261589
B_1571,I_085,C_07,0.6801,21.0538,94.28659534,0.301105981,0.656244406,0.761949811,0.28255499,4.249661381,0.96458516
B_0726,I_096,C_02,0.7361,24.6047,89.35158627,0.211548832,0.74091916,0.836842716,0.297842948,3.905345753,0.450184278
B_0684,I_046,C_15,0.5708,30.9412,69.27382125,0.536586751,0.537889701,0.69676246,0.179329222,3.53284928,0.692942038
B_0099,I_062,C_05,0.6331,25.9221,60.70255252,0.277093213,1,0.891261718,0.29479476,4.543433799,0.626788235
B_0805,I_040,C_10,0.7976,40.0000,95.55902291,0.184822247,0.815092682,0.697884909,0.213829152,3.445691333,0.745148275
B_1752,I_070,C_14,0.3000,18.7489,85.87804661,0.7,0.773209133,0.824729972,0.266291623,3.415780948,0.622831263
B_1598,I_029,C_03,0.3767,29.1983,88.344285,0.642698426,0.727147794,0.689421438,0.101591484,3.848214957,0.661685523
B_0407,I_059,C_19,0.4538,28.7805,67.12416893,0.491772386,0.919277703,0.895448587,0.397407526,4.70240894,0.723565151
B_0503,I_007,C_08,0.8130,28.9362,75.53861373,0.193004233,0.747009711,0.827073106,0.361548436,3.82564184,0.867034066
B_1072,I_088,C_23,0.4218,29.6471,77.17883929,0.620656407,0.882529397,0.502840572,0.319830777,3.91889639,0.913606302
B_1057,I_079,C_07,0.6719,31.5674,78.61085307,0.3779097,0.744981919,0.877063627,0.146033297,4.431724272,0.846751739
B_0930,I_084,C_25,0.8211,24.8241,83.43106751,0.18191989,0.950440256,0.794845239,0.160025896,4.219075106,0.674966343
B_0780,I_109,C_25,0.6791,19.4235,78.1244375,0.430179738,0.740917119,0.813959085,0.092819509,4.286257871,0.886038972
B_0201,I_013,C_11,0.9468,21.0937,100,0.047741097,0.738945921,0.697354939,0.322080891,4.150573619,0.860607906
B_0135,I_011,C_04,0.6386,35.7696,60.95959578,0.411671112,0.819880913,0.740397587,0.311510446,4.02219728,0.607669199
B_1052,I_098,C_07,0.5043,26.9906,100,0.488929913,0.817857715,0.908421206,0.174386148,4.147535347,0.598756047
B_0041,I_092,C_10,0.5509,22.1320,84.78971882,0.342975963,0.822126649,0.527411783,0.218018681,4.668035331,0.98526569
B_1018,I_003,C_05,0.9076,32.9149,100,0.039080528,0.737733048,0.629794514,0.336972881,4.830009305,0.701373847
B_0231,I_062,C_24,0.7234,30.7325,73.88109261,0.336835107,0.76102278,0.764718715,0.206305634,4.339111441,0.686428278
B_1514,I_036,C_17,0.4510,22.6421,78.02614694,0.567845376,0.694480019,0.629086534,0.145330842,3.953744656,0.777655476
B_1797,I_115,C_20,0.5493,32.8803,73.64704356,0.480334762,0.697133529,0.593399011,0.216893231,4.586829977,0.774750612
B_0379,I_099,C_12,0.7203,30.1714,88.93042692,0.199710387,0.545142907,0.79564537,0.27261507,4.497520306,0.839965248
B_0289,I_119,C_02,0.4309,31.4981,97.02944261,0.56117414,0.704148987,0.789605433,0.254870955,4.34723905,0.896126431
B_0419,I_008,C_04,0.5948,30.2588,84.31995677,0.447142948,0.860683611,0.616373193,0.184304776,4.341190594,0.871918189
B_1699,I_106,C_03,0.5508,17.9355,79.8264562,0.485783163,0.813426059,0.637386829,0.165206857,3.665204242,0.909088616
B_0392,I_033,C_23,0.6345,19.6632,72.7851294,0.30188134,0.953757064,0.821689316,0.245899815,3.581792698,0.60477336
B_0593,I_109,C_08,0.6747,28.9394,85.35377934,0.299555521,0.780474553,0.54097917,0.455894003,3.906364439,0.865417983
B_1523,I_040,C_18,0.6323,29.9645,61.49945252,0.390952594,0.651232641,0.836002658,0.205882419,3.383496009,0.770599648
B_1163,I_056,C_19,0.6721,31.5450,83.6073266,0.255505345,0.703937773,0.752202459,0.202197232,3.821563214,0.830462868
B_1087,I_080,C_17,0.4393,28.1617,87.64447234,0.542976879,0.927620312,0.626184088,0.297746926,4.091451958,0.683851622
B_1496,I_092,C_24,0.5330,26.0532,76.6721372,0.433350243,0.938126971,0.639886454,0.233126765,4.553672208,0.415251621
B_0648,I_120,C_07,0.5764,26.4093,75.83573472,0.481804623,0.955945496,0.71922422,0.307935988,3.466089349,0.936610608
B_1153,I_090,C_17,0.6639,29.5235,81.98309034,0.315036807,0.80010037,0.83020675,0.351062716,3.9131971,0.63694772
B_1368,I_109,C_14,0.6606,30.2853,81.16535679,0.266645633,0.743527138,0.808436665,0.136285507,4.633582637,0.886878625
B_0521,I_087,C_24,0.7197,35.3136,84.84976794,0.244471796,0.78721665,0.9379579,0.297119569,4.457824294,0.634153112
B_1863,I_049,C_13,0.7481,22.5550,64.70857717,0.261388796,0.891123442,0.723981672,0.263648148,4.672038842,0.726044881
B_0065,I_014,C_24,0.5665,27.3531,80.97536893,0.424392122,0.789005864,0.682328198,0.411243903,5,0.765187092
B_1837,I_073,C_17,0.5209,24.3750,80.04945258,0.453923725,0.45571239,0.602338812,0.173806104,4.310052544,0.591723383
B_0015,I_117,C_25,0.7027,27.2130,93.62975867,0.35232774,0.837954224,0.762996913,0.447745544,5,0.892717981
B_1181,I_101,C_02,0.7076,24.7373,46.7698779,0.302150888,0.839941344,0.47646858,0.272489688,4.981497935,0.632182652
B_1065,I_004,C_02,0.5064,19.7373,71.85872381,0.506624287,0.56945068,0.661907978,0.144334462,3.445743463,0.584157543
B_0493,I_093,C_22,0.5979,29.0291,69.61682327,0.391808278,0.903889868,0.775886175,0.141345591,4.705781195,0.88038535
B_0380,I_025,C_23,0.7680,34.9867,78.02015132,0.190710332,0.847724937,0.818867016,0.11748256,4.03853375,0.79531758
B_0188,I_113,C_01,0.3000,23.8304,66.74249606,0.7,0.988082309,0.543666812,0.204400509,3.425554882,0.854791665
B_0764,I_083,C_10,0.5268,24.4657,66.90970458,0.465253152,0.684131566,0.627102984,0.217248684,4.119899777,0.659908834
B_0217,I_108,C_07,0.6988,32.9121,62.84625649,0.288641436,0.811614144,0.853137364,0.314656055,4.085317151,0.584646795
B_0792,I_075,C_12,0.4301,23.4285,57.42516783,0.495208095,0.466859342,0.936362082,0.125223887,3.797967042,0.722668762
B_1077,I_066,C_13,0.6963,30.6982,73.31167985,0.388751979,0.870717705,0.863285715,0.156032275,4.115688468,0.682862516
B_0879,I_099,C_25,0.7041,27.1523,86.23143277,0.322224048,0.809147806,0.795204246,0.323067962,4.546876075,0.705125587
B_0338,I_042,C_02,0.5511,33.5747,86.01144879,0.345910753,0.91542297,0.769654545,0.209783117,3.973707036,0.773633636
B_1773,I_006,C_04,0.5165,24.1779,64.17942438,0.4897001,0.641150089,0.671189164,0.253535311,3.869624611,0.486637348
B_0720,I_099,C_03,0.6439,32.9418,81.51178886,0.43341967,0.960375178,0.659797227,0.235120447,4.924066285,0.756714026
B_1749,I_087,C_25,0.8452,40.0000,95.54609287,0.176803199,0.879713298,0.782789749,0.211062669,4.412412897,0.516161119
B_0296,I_024,C_21,0.6393,27.1032,83.70665838,0.383942887,0.646344555,0.676560691,0.415708098,4.576257162,0.594088439
B_1726,I_096,C_16,0.6597,26.9289,84.13207929,0.359892743,0.913342077,0.83118157,0.22910766,4.154190411,0.689937594
B_1017,I_118,C_19,0.6638,30.1123,80.85276659,0.421682314,0.750371468,0.736627238,0.213271345,4.619683657,0.541837988
B_1276,I_045,C_15,0.4442,19.4224,56.78249705,0.547717715,0.555025268,0.476193901,0.062593245,4.090219046,0.768099601
B_1751,I_075,C_21,0.3178,16.5985,53.71719843,0.690180643,0.517671188,0.769086801,0.109497707,3.465048046,0.62192985
B_1486,I_108,C_04,0.5539,40.0000,74.09377684,0.416782235,0.796732477,0.814120251,0.05278857,4.774216285,0.626870818
B_0456,I_060,C_14,0.7668,27.6240,75.54525061,0.214119784,0.666541293,0.637597064,0.1285777,4.652555685,0.808716789
B_1997,I_049,C_19,0.6752,21.0632,75.15817529,0.401414802,0.786195448,0.918034555,0.354314161,3.949714104,0.825758237
B_0816,I_008,C_03,0.5821,25.4545,61.27442243,0.419259106,0.665951781,0.763916538,0.196283091,4.718569518,0.770071767
B_1887,I_082,C_04,0.7047,29.8821,100,0.228964168,0.79904046,0.940764717,0.212323308,4.573841118,0.784900906
B_0270,I_059,C_03,0.5354,28.0644,81.74360869,0.483476541,0.458646903,0.689121191,0.172844619,4.393388665,0.653108135
B_0996,I_078,C_13,0.6120,40.0000,68.13615927,0.359721697,0.875953578,0.752483344,0.308747944,4.370723425,0.734624202
B_0202,I_032,C_01,0.5118,22.0764,61.10381479,0.521458327,1,0.822475631,0.077421603,3.849295093,0.53809975
B_0162,I_086,C_08,0.4775,27.2249,80.16476324,0.532263678,0.658985516,0.953448381,0.078397558,4.34920928,0.913765307
B_1580,I_086,C_08,0.5303,31.0137,66.41145118,0.445350614,0.730626181,0.743656764,0.257698067,4.215722616,0.574026162
B_0730,I_096,C_25,0.5927,24.7605,85.50438192,0.384338226,0.78690828,0.738832826,0.269310769,4.826319405,0.648070359
B_0402,I_067,C_05,0.3406,19.2664,60.60719457,0.694672272,0.638886125,0.340265844,0.193574686,3.844934577,0.641012544
B_0703,I_117,C_04,0.8041,21.0763,90.38452773,0.180093219,1,0.919661787,0.402445512,4.356039034,0.787380879
B_1501,I_029,C_10,0.3595,27.9369,68.0068937,0.619136888,0.662300081,0.911953266,0.165584781,5,0.683952821
B_1846,I_025,C_05,0.9296,27.3810,86.97103277,0.107634285,0.957297014,0.82354556,0.237204408,4.17641522,0.854941706
B_1796,I_036,C_09,0.4117,21.4813,56.96957977,0.598865577,0.725195835,0.525957865,0.243698141,4.225149809,0.609543336
B_1130,I_026,C_15,0.4176,28.8521,86.28966978,0.618611918,0.636526855,0.728388331,0.330178347,3.938831511,0.844461405
B_0566,I_019,C_20,0.3680,31.0560,87.80615032,0.571371016,0.473190755,0.906100053,0.089469426,3.593642475,0.682101738
B_1414,I_027,C_13,0.4820,27.7878,80.82763249,0.390060575,0.992043862,0.708608803,0.083857341,3.568392268,0.897067452
B_1022,I_054,C_25,0.6501,19.6361,65.2941649,0.312970054,0.547599023,0.757208768,0.406629633,4.91591955,0.900211077
B_1026,I_094,C_24,0.6898,28.9836,70.76727768,0.286692491,0.853688272,0.527355592,0.175807159,4.203097348,0.94080988
B_1412,I_094,C_18,0.5967,28.0948,78.45330189,0.503515273,0.71550901,0.635283534,0.10908665,4.364812431,0.611724788
B_1896,I_047,C_02,0.4959,33.2895,76.64518243,0.556134662,0.954134639,0.682588123,0.243462098,3.765943529,0.847365546
B_1586,I_071,C_09,0.4333,34.3559,56.11862505,0.553957039,0.89876182,0.817190537,0.204735538,3.873040021,0.90595312
B_1105,I_061,C_10,0.3890,31.3848,76.84020485,0.55515156,0.600196694,0.553188857,0.244118131,3.73092781,0.543031296
B_0206,I_086,C_19,0.5516,19.1400,57.85410835,0.517442845,0.629573849,0.714282429,0.369042932,3.430029596,1
B_0035,I_108,C_20,0.7320,30.9941,79.96397074,0.280058623,0.856927268,0.634571382,0.475477971,4.424715491,0.610064887
B_0776,I_023,C_19,0.5126,19.4946,74.62008373,0.456233584,0.798750966,0.659327138,0.161628912,3.655034707,0.690911869
B_0509,I_008,C_20,0.5082,24.4131,91.83102565,0.524032358,0.920064398,0.736615097,0.259993483,4.129114252,0.715743128
B_1452,I_095,C_25,0.5008,18.3649,79.68439916,0.419786691,0.705725564,0.439009506,0.30623182,3.915184176,0.766741407
B_1479,I_089,C_24,0.3000,26.9294,71.50854457,0.7,0.657585021,0.706956236,0.176185846,4.172483724,0.642500007
B_1971,I_032,C_21,0.4780,21.8296,72.72085109,0.549200317,0.579208004,0.543732952,0.471145488,4.335393012,0.788612257
B_1391,I_078,C_22,0.4407,22.1924,71.95977317,0.618140731,0.858169895,0.849266084,0.015070681,4.122748308,0.823865853
B_0092,I_093,C_05,0.6337,26.8263,82.8787389,0.4195325,0.599240016,0.732017178,0.418778741,4.513769969,0.904211539
B_1364,I_026,C_18,0.6254,29.8946,72.09699531,0.351938049,0.803598057,0.772892307,0.246339759,3.780521074,0.596605629
B_0898,I_075,C_22,0.3693,24.1908,76.71402116,0.534819988,0.648089427,0.830167353,0.098348542,3.487367972,0.701280116
B_0565,I_030,C_13,0.5304,29.1816,82.65062695,0.513864411,0.929764802,0.689659788,0.400127456,3.902124486,0.947052069
B_1370,I_089,C_22,0.4889,22.3108,67.22196686,0.556832469,0.681457807,0.640606643,0.230299855,4.476765429,0.62776096
B_0777,I_016,C_04,0.6877,30.8983,88.83245951,0.325162524,1,1,0.18284306,3.74224181,0.632803257
B_0242,I_037,C_01,0.8467,40.0000,97.43280249,0.091377726,1,0.881575939,0.345271595,4.332894781,0.84597688
B_0014,I_088,C_17,0.5973,28.5149,83.57686065,0.348330792,0.807870404,0.734781226,0.229640443,4.788153684,0.778239088
B_0316,I_090,C_25,0.7501,24.1827,87.37180804,0.288415487,0.82952476,0.56249937,0.212198914,4.667060045,0.649387713
B_0601,I_069,C_01,0.6469,19.5769,84.26405273,0.310017538,0.81067944,0.827598791,0.218417343,4.060258614,0.934182197
B_0388,I_080,C_14,0.6761,21.9216,57.02756565,0.259703263,0.697352359,1,0.242389569,3.889895634,0.716109647
B_1298,I_077,C_14,0.5694,35.4032,77.8758057,0.389048989,0.580098101,0.791657312,0.233785121,4.138869452,0.708831057
B_0167,I_101,C_16,0.3884,24.8902,78.49569875,0.610288363,0.78566265,0.5758925,0.294391647,3.502543693,0.49834034
B_0841,I_045,C_01,0.3000,23.9183,69.27653802,0.569561563,0.647076229,0.534409798,0.076768027,3.306172969,0.819176985
B_0021,I_053,C_11,0.4595,21.4479,80.1255649,0.52671507,0.653179678,0.556469614,0.331999131,3.898943936,0.75190873
B_0647,I_001,C_12,0.5656,19.2951,83.04633835,0.417887534,0.678277203,0.607345782,0.19355768,4.75604426,0.602124686
B_1843,I_043,C_18,0.6899,25.1219,87.20353652,0.234956521,0.771895727,0.612098947,0.533170788,4.622801398,0.528540039
B_1509,I_046,C_05,0.7172,30.5807,67.41227923,0.376630495,0.804482044,0.436460072,0.239077576,4.499039801,0.709284667
B_1155,I_087,C_20,0.8446,27.2479,96.82528288,0.183325649,1,0.893927252,0.226127703,4.425522147,0.735938014
B_1529,I_009,C_22,0.7199,28.6690,73.27740416,0.243546873,0.630713041,1,0.291767964,4.068881579,0.931413282
B_0832,I_108,C_14,0.5572,30.6894,52.86034559,0.435513806,0.968958077,0.977667895,0.36890384,3.76581271,0.892483907
B_1268,I_062,C_01,0.6552,30.9583,67.1090863,0.339824868,0.733222628,0.796518957,0.223782394,3.649531157,0.484968959
B_1591,I_087,C_24,0.6922,28.1126,90.07792245,0.32006972,0.944167549,0.729421547,0.184547213,4.158694026,0.815635174
B_1900,I_071,C_08,0.7138,29.6840,80.28314668,0.275408616,0.929418758,0.5566286,0.32528027,4.375815056,0.668049022
B_0563,I_114,C_20,0.5349,32.9508,78.50827481,0.543215631,0.994054746,0.933527229,0.275264808,4.465655709,0.8022145
B_1952,I_086,C_07,0.5249,17.8141,64.79453954,0.520231022,0.697949627,0.816750572,0.191548571,3.862052688,0.584985236
B_0687,I_114,C_23,0.6920,30.1987,66.45207057,0.262474677,0.548299807,0.749487546,0.218780558,4.780310238,0.889988884
B_0958,I_111,C_10,0.5155,26.0807,67.07702642,0.523009511,0.662903302,0.731846644,0.343132518,4.850049101,1
B_0190,I_096,C_24,0.6399,25.2598,87.20860399,0.316037956,0.830056059,0.828833313,0.295273168,3.909907478,1
B_1807,I_039,C_14,0.5005,28.8730,83.25818405,0.471542274,0.516242057,0.484762416,0.202824161,4.02338113,0.725332114
B_0976,I_112,C_18,0.5352,29.8275,61.92478531,0.509129105,0.707346988,0.767024594,0.039023946,4.36131783,0.868034121
B_0700,I_007,C_21,0.6132,28.4698,77.69762432,0.373715787,0.797920836,0.682866607,0.354922501,3.354087885,0.887699502
B_1500,I_051,C_21,0.8835,27.5909,67.82476947,0.090752366,0.883994537,0.78526048,0.204369732,4.415843913,0.765912622
B_1706,I_005,C_03,0.6829,31.0127,86.62426238,0.345994632,0.839681168,0.936610485,0.311342827,3.871160095,0.893692682
B_0511,I_016,C_11,0.5579,24.8626,95.78117801,0.433339952,0.6265243,0.753704309,0.243067428,3.39298761,0.710616528
B_1083,I_115,C_18,0.6370,22.2901,79.22436578,0.405181591,0.631698636,0.817651387,0.403334527,4.352786157,0.719966289
B_0475,I_114,C_17,0.8471,25.5994,76.76270718,0.150811623,0.552990702,0.927115109,0.499521802,4.669314722,0.901621854
B_1585,I_049,C_14,0.5531,31.3083,66.0543348,0.436356065,0.845178971,0.829111583,0.201338951,4.117056705,1
B_0857,I_063,C_22,0.5289,32.1479,75.21330355,0.394796467,1,0.684543108,0.324385383,4.171539624,0.648726144
B_0748,I_013,C_22,0.7960,34.3083,90.4924204,0.187123487,0.909341057,0.903970537,0.131560958,4.647246986,0.873591197
B_0253,I_088,C_12,0.6349,31.0730,86.18880375,0.268805964,0.503343334,0.571180607,0.326944717,4.404463795,0.974049354
B_0022,I_002,C_06,0.8677,33.3900,76.70633532,0.129882608,1,0.91405481,0.319778246,4.983547741,0.880984354
B_1338,I_075,C_22,0.3000,21.3016,62.53363083,0.7,0.548445738,0.483637041,0,3.819503245,0.591450281
B_0460,I_085,C_05,0.8748,35.1462,75.82472376,0.067346464,1,1,0.261366273,4.694178213,0.811396406
B_1185,I_057,C_17,0.5007,26.1212,69.84644037,0.578575928,0.641750662,0.705088897,0.314830757,4.40337781,0.605114534
B_0277,I_101,C_17,0.4562,22.4936,56.59940491,0.555656053,0.647404071,0.625989175,0.239454071,3.862572545,1
B_0956,I_018,C_03,0.7210,35.6753,96.45883784,0.317622671,0.935932273,0.75262868,0.443220035,4.24259656,0.631921142
B_1216,I_006,C_25,0.5330,21.4168,77.26472347,0.447365806,0.695672773,0.644305225,0.223862841,4.252687958,0.35274729
B_0386,I_054,C_19,0.6322,24.5378,85.11596666,0.322204548,0.595231429,0.510327909,0.212910233,3.68315239,0.433664183
B_0806,I_042,C_09,0.6644,33.0192,77.47276382,0.347618194,0.698525162,0.692259092,0.335735442,4.167850919,0.863381443
B_1438,I_088,C_04,0.4288,28.9170,79.24139757,0.569448486,0.516792811,0.761317928,0.242508309,4.175409399,0.527066978
B_1516,I_087,C_19,0.7175,35.9900,74.33001598,0.262893761,0.86950464,0.627476806,0.301104419,4.760779092,0.972576183
B_0344,I_116,C_02,0.4888,23.5527,98.46223833,0.5227127,0.669765736,0.734211896,0.397735251,4.503988404,0.944276453
B_0770,I_012,C_16,0.4125,25.4358,78.15085082,0.613248528,0.85628078,0.775173436,0.167326352,4.100212539,0.863730582
B_1333,I_108,C_22,0.3910,19.1530,50.13926041,0.577767622,0.785706932,0.854537746,0.343781219,4.900714364,0.62198143
B_1686,I_019,C_19,0.4572,24.3901,92.88940431,0.603149109,0.969938529,0.831548098,0.168634998,3.770968816,0.846022446
B_0131,I_108,C_13,0.7495,22.1997,94.48269834,0.202737968,0.433845381,0.788247772,0,3.488535365,0.769187938
B_1688,I_019,C_25,0.4637,31.4794,71.96466785,0.638243425,0.778231879,0.783474137,0.200348556,3.710028314,0.590455261
B_0872,I_021,C_08,0.6935,31.0832,79.52246839,0.210178937,0.864469373,0.687524662,0.20555652,4.579363526,0.856187452
B_1124,I_049,C_23,0.6206,31.4903,86.3310338,0.388805133,0.854341061,0.879145127,0.263567938,3.460781246,0.846175725
B_1397,I_051,C_20,0.8219,37.6408,94.17084913,0.162439379,0.621489102,0.991428539,0.420973039,3.840259566,0.736436702
B_0088,I_054,C_09,0.7248,25.4439,69.33945878,0.26908843,0.784294938,0.97070994,0.243943641,4.291310312,0.780299567
B_1483,I_060,C_11,0.6768,28.3579,76.14442544,0.293490768,0.888529211,0.824302711,0.365175611,5,1
B_0331,I_092,C_09,0.7611,27.2786,92.29563114,0.292337665,0.950710215,0.54147096,0.210263853,4.743424476,0.679483288
B_1239,I_062,C_08,0.5780,30.0397,95.42905879,0.379604922,0.902365979,0.858565069,0.420008017,4.108054449,0.711104228
B_0467,I_106,C_14,0.6167,34.8360,92.06523279,0.358725119,0.645992062,0.764850534,0.115396976,4.242821865,0.522695961
B_0122,I_029,C_24,0.4586,25.1495,60.38683659,0.583351165,0.893750674,0.936808459,0.357902525,4.502664752,0.817934427
B_1639,I_050,C_11,0.3000,22.4190,67.06648876,0.7,0.635086323,0.758902739,0.181322044,3.742066771,0.648445255
B_1045,I_098,C_17,0.6141,26.2329,64.15160797,0.384666252,0.949056945,0.628444552,0.225241345,3.994622865,0.92461702
B_1725,I_087,C_20,0.7653,33.3595,94.99823468,0.193378958,1,0.772491696,0.439784024,4.11245435,0.659064281
B_1096,I_056,C_02,0.5937,28.0580,79.8059134,0.387208459,0.941226156,0.715404835,0.174380129,4.504251286,0.838470658
B_1131,I_047,C_17,0.5893,19.2280,46.24202252,0.433436875,0.848756482,0.641781154,0.261655999,4.339478047,0.643115537
B_1295,I_037,C_25,0.9800,36.7373,93.24909349,0.103561058,1,0.688174668,0.37519488,4.912935846,0.959988437
B_0861,I_033,C_06,0.5314,24.9079,83.99069275,0.512265583,0.918923539,0.598275809,0.27170091,4.211112642,0.773436652
B_1460,I_069,C_10,0.6410,22.3954,80.04423142,0.317231106,0.558182655,0.575629054,0.135499603,4.182140616,0.96262685
B_1127,I_045,C_22,0.3000,23.1018,86.89115327,0.7,0.563834248,0.538691437,0.210189,4.420308504,0.545611111
